url,Name,Rates,Reviews,Type,Phone,Neighborhood,Website,direction
https://www.google.com/maps/place/%D9%85%D8%B1%D9%83%D8%B2+%D8%A7%D9%84%D8%B1%D9%88%D8%A7%D8%AF+%D8%A7%D9%84%D8%A7%D8%B0%D9%83%D9%8A%D8%A7%D8%A1+%D9%84%D8%B6%D9%8A%D8%A7%D9%81%D8%A9+%D8%A7%D9%84%D8%A7%D8%B7%D9%81%D8%A7%D9%84%E2%80%AD/data=!4m7!3m6!1s0x3e2efd9132d4b7d1:0x3a79716b86b80e39!8m2!3d24.775561!4d46.7219736!16s%2Fg%2F11bw20sq_q!19sChIJ0bfUMpH9Lj4ROQ64hmtxeTo?authuser=0&hl=ar&rclk=1,مركز الرواد الاذكياء لضيافة الاطفال,4.3,(163),حضانة أطفال,050 994 8694,الازدهار,,شمال الرياض
https://www.google.com/maps/place/%D9%85%D8%B1%D9%83%D8%B2+%D8%B4%D8%AC%D8%B1%D8%A9+%D8%A7%D9%84%D8%B9%D9%84%D9%85+%D9%84%D8%B6%D9%8A%D8%A7%D9%81%D8%A9+%D8%A7%D9%84%D8%A7%D8%B7%D9%81%D8%A7%D9%84%E2%80%AD/data=!4m7!3m6!1s0x3e2efd0062abf0cd:0x5ef9158dcd18188!8m2!3d24.7764117!4d46.7242315!16s%2Fg%2F11h_3yx_gv!19sChIJzfCrYgD9Lj4RiIHR3FiR7wU?authuser=0&hl=ar&rclk=1,مركز شجرة العلم لضيافة الاطفال,3.8,(48),حضانة أطفال,054 327 5455,الازدهار,,شمال الرياض
https://www.google.com/maps/place/%D9%85%D8%B1%D9%83%D8%B2+%D8%A7%D8%B4%D8%A8%D8%A7%D9%84+%D8%A7%D9%84%D8%BA%D8%AF+%D9%84%D8%B6%D9%8A%D8%A7%D9%81%D8%A9%E2%80%AD/data=!4m7!3m6!1s0x3e2efd676cd2af7b:0x5cf844364f1d0271!8m2!3d24.7810837!4d46.7223185!16s%2Fg%2F11q97kqbkf!19sChIJe6_SbGf9Lj4RcQIdTzZE-Fw?authuser=0&hl=ar&rclk=1,مركز اشبال الغد لضيافة,3.6,(32),حضانة أطفال,050 908 4095,الازدهار,,شمال الرياض
https://www.google.com/maps/place/%D9%85%D8%B1%D9%83%D8%B2+%D9%86%D8%AC%D9%88%D9%85+%D8%B5%D8%BA%D9%8A%D8%B1%D8%A9+%D9%84%D8%B6%D9%8A%D8%A7%D9%81%D8%A9+%D8%A7%D9%84%D8%A3%D8%B7%D9%81%D8%A7%D9%84+%D8%AD%D9%8A+%D8%BA%D8%B1%D9%86%D8%A7%D8%B7%D8%A9%E2%80%AD/data=!4m7!3m6!1s0x3e2efd0e05bfd14d:0xe4dfc9ad9d244900!8m2!3d24.7860636!4d46.7397893!16s%2Fg%2F11pbdsxt4z!19sChIJTdG_BQ79Lj4RAEkkna3J3-Q?authuser=0&hl=ar&rclk=1,مركز نجوم صغيرة لضيافة الأطفال حي غرناطة,4.1,(81),حضانة أطفال,050 004 6990,الازدهار,,شمال الرياض
https://www.google.com/maps/place/%D8%AD%D8%B6%D8%A7%D9%86%D8%A9+%D9%81%D8%AA%D8%A7%D9%81%D9%8A%D8%AA+%D8%A7%D9%84%D8%B3%D9%83%D8%B1+%D8%A7%D9%84%D9%85%D9%86%D8%B2%D9%84%D9%8A%D9%87%E2%80%AD/data=!4m7!3m6!1s0x3e2efdb013957f15:0x7adb4f9d31a40518!8m2!3d24.7753876!4d46.7218082!16s%2Fg%2F11s0py2x_2!19sChIJFX-VE7D9Lj4RGAWkMZ1P23o?authuser=0&hl=ar&rclk=1,حضانة فتافيت السكر المنزليه,4.0,(2),حضانة أطفال,,الازدهار,,شمال الرياض
https://www.google.com/maps/place/%D9%85%D8%AF%D8%B1%D8%B3%D8%A9+%D8%A7%D9%84%D8%B1%D9%88%D8%B6%D8%A9+59%E2%80%AD/data=!4m7!3m6!1s0x3e2efd934a77707d:0xcbbf0a99d4583b00!8m2!3d24.7837323!4d46.7078319!16s%2Fg%2F11cs0f30rl!19sChIJfXB3SpP9Lj4RADtY1JkKv8s?authuser=0&hl=ar&rclk=1,مدرسة الروضة 59,3.6,(25),حضانة أطفال,011 263 0534,الازدهار,,شمال الرياض
https://www.google.com/maps/place/%D8%AD%D8%B6%D8%A7%D9%86%D8%A9+%D8%A8%D9%8A%D8%AA%D9%8A+%D8%A7%D9%84%D8%AB%D8%A7%D9%86%D9%8A%E2%80%AD/data=!4m7!3m6!1s0x3e2ee3a63ef7f8db:0xe1071b5d52877467!8m2!3d24.7764051!4d46.6285312!16s%2Fg%2F11c2nndr97!19sChIJ2_j3PqbjLj4RZ3SHUl0bB-E?authuser=0&hl=ar&rclk=1,حضانة بيتي الثاني,4.1,(224),حضانة,9200 22756,العقيق,https://my2ndhome.com.sa/,شمال الرياض
https://www.google.com/maps/place/%D9%85%D8%B1%D9%83%D8%B2+%D8%AC%D9%88%D8%AF+%D9%84%D8%B6%D9%8A%D8%A7%D9%81%D8%A9+%D8%A7%D9%84%D8%A7%D8%B7%D9%81%D8%A7%D9%84%E2%80%AD/data=!4m7!3m6!1s0x3e2ee3cfc3eeca1f:0x5ba5d129f24b656e!8m2!3d24.7803969!4d46.6344865!16s%2Fg%2F11fmz9t5q3!19sChIJH8ruw8_jLj4RbmVL8inRpVs?authuser=0&hl=ar&rclk=1,مركز جود لضيافة الاطفال,4.9,(74),حضانة أطفال,050 480 3224,العقيق,,شمال الرياض
https://www.google.com/maps/place/%D8%B1%D9%83%D9%86+%D8%A7%D9%84%D8%B7%D9%81%D9%84+%D8%AD%D8%B6%D8%A7%D9%86%D8%A9+%D9%88%D8%B1%D9%8A%D8%A7%D8%B6+%D8%A3%D8%B7%D9%81%D8%A7%D9%84%E2%80%AD/data=!4m7!3m6!1s0x3e2ee3150ff4c90b:0x2f095f2efef0e924!8m2!3d24.7721072!4d46.6317287!16s%2Fg%2F11t2tz1kwl!19sChIJC8n0DxXjLj4RJOnw_i5fCS8?authuser=0&hl=ar&rclk=1,ركن الطفل حضانة ورياض أطفال,4.5,(43),حضانة أطفال,055 190 9956,العقيق,https://childcorner.net/,شمال الرياض
https://www.google.com/maps/place/%D8%AD%D8%B6%D8%A7%D9%86%D8%A9+%D8%BA%D9%8A%D9%85%D8%A9%E2%80%AD/data=!4m7!3m6!1s0x3e2ee3153525e88b:0x8a5964501907cb68!8m2!3d24.7909613!4d46.6308167!16s%2Fg%2F11rxmr2gzf!19sChIJi-glNRXjLj4RaMsHGVBkWYo?authuser=0&hl=ar&rclk=1,حضانة غيمة,3.9,(98),حضانة أطفال,059 423 1326,العقيق,,شمال الرياض
https://www.google.com/maps/place/%D8%A7%D9%84%D8%B1%D9%88%D8%B6%D8%A9+14+%D8%A8%D8%AD%D9%8A+%D8%A7%D9%84%D8%B9%D9%82%D9%8A%D9%82%E2%80%AD/data=!4m7!3m6!1s0x3e2ee3f9ffd01897:0x853d4ab6b47e35b5!8m2!3d24.7826456!4d46.6229431!16s%2Fg%2F11rww91lm_!19sChIJlxjQ__njLj4RtTV-tLZKPYU?authuser=0&hl=ar&rclk=1,الروضة 14 بحي العقيق,4.3,(28),رياض أطفال,053 288 5460,العقيق,,شمال الرياض
https://www.google.com/maps/place/%D8%B1%D9%88%D8%B6%D8%A9+%D8%A8%D8%B1%D8%A7%D8%B9%D9%85+%D8%A7%D9%84%D8%A7%D8%AC%D9%8A%D8%A7%D9%84+%D8%A7%D9%84%D8%A7%D9%87%D9%84%D9%8A%D8%A9%E2%80%AD/data=!4m7!3m6!1s0x3e2ee3bad6878883:0xd12d167877c89c90!8m2!3d24.7751742!4d46.6213138!16s%2Fg%2F11c554vyh4!19sChIJg4iH1rrjLj4RkJzId3gWLdE?authuser=0&hl=ar&rclk=1,روضة براعم الاجيال الاهلية,4.1,(40),حضانة أطفال,055 658 6787,العقيق,,شمال الرياض
https://www.google.com/maps/place/Bambino+%D8%AD%D8%B6%D8%A7%D9%86%D8%A9+%D8%A8%D8%A7%D9%85%D8%A8%D9%8A%D9%86%D9%88%E2%80%AD/data=!4m7!3m6!1s0x3e2ee357f5dc380d:0x5b7ad38001b33ffe!8m2!3d24.7748688!4d46.6367825!16s%2Fg%2F11rxqhvm33!19sChIJDTjc9VfjLj4R_j-zAYDTels?authuser=0&hl=ar&rclk=1,Bambino حضانة بامبينو,4.5,(56),حضانة أطفال,055 926 2849,العقيق,,شمال الرياض
https://www.google.com/maps/place/%D9%85%D8%B1%D9%83%D8%B2+%D8%A7%D8%B1%D9%83%D8%A7%D9%86+%D8%A7%D9%84%D9%86%D9%85%D9%88+%D9%84%D9%84%D8%B1%D8%B9%D8%A7%D9%8A%D8%A9+%D8%A7%D9%84%D9%86%D9%87%D8%A7%D8%B1%D9%8A%D8%A9%E2%80%AD/data=!4m7!3m6!1s0x3e2ee3481767e0f7:0x1b65ba2940e4778b!8m2!3d24.7742527!4d46.6203801!16s%2Fg%2F11tx6hr14k!19sChIJ9-BnF0jjLj4Ri3fkQCm6ZRs?authuser=0&hl=ar&rclk=1,مركز اركان النمو للرعاية النهارية,4.7,(95),مركز لرعاية الأطفال,053 504 0211,العقيق,https://alnumo.com/,شمال الرياض
https://www.google.com/maps/place/%D8%AD%D8%B6%D8%A7%D9%86%D8%A9+%D8%B9%D8%A7%D9%84%D9%85+%D8%A7%D9%84%D9%86%D9%87%D8%A7%D8%B1%E2%80%AD/data=!4m7!3m6!1s0x3e2ee59cbf9bcd23:0x70b068d6bf7643f0!8m2!3d24.8086711!4d46.6137634!16s%2Fg%2F11j0d3ll6h!19sChIJI82bv5zlLj4R8EN2v9ZosHA?authuser=0&hl=ar&rclk=1,حضانة عالم النهار,4.4,(84),حضانة,9200 22756,العقيق,https://instagram.com/mysecondhome?igshid=ftwq9ovq8yr5,شمال الرياض
https://www.google.com/maps/place/%D9%85%D8%AF%D8%A7%D8%B1%D8%B3+%D8%A7%D9%84%D9%85%D9%88%D8%B3%D9%88%D8%B9%D8%A9+%D8%A7%D9%84%D8%B1%D8%A7%D8%A6%D8%AF%D8%A9+%D8%A7%D9%84%D8%A3%D9%87%D9%84%D9%8A%D8%A9%E2%80%AD/data=!4m7!3m6!1s0x3e2ee39ee7457a79:0x7c5f7296fdce6eed!8m2!3d24.7871016!4d46.6274558!16s%2Fg%2F11cs2wcl55!19sChIJeXpF557jLj4R7W7O_ZZyX3w?authuser=0&hl=ar&rclk=1,مدارس الموسوعة الرائدة الأهلية,4.1,(101),مدرسة عامة,055 597 2681,العقيق,https://instagram.com/almawsouah?igshid=YmMyMTA2M2Y=,شمال الرياض
https://www.google.com/maps/place/%D9%85%D8%AF%D8%B1%D8%B3%D8%A9+%D8%BA%D8%AF%D9%8A+%D8%A7%D9%84%D9%85%D8%B4%D8%B1%D9%82+%D8%A7%D9%84%D8%A3%D9%87%D9%84%D9%8A%D8%A9%E2%80%AD/data=!4m7!3m6!1s0x3e2ee33d567c9b9f:0xad5039f2a0ff78ef!8m2!3d24.7892011!4d46.6314187!16s%2Fg%2F11tc_xz30x!19sChIJn5t8Vj3jLj4R73j_oPI5UK0?authuser=0&hl=ar&rclk=1,مدرسة غدي المشرق الأهلية,4.0,(51),مدرسة,056 918 2699,العقيق,,شمال الرياض
https://www.google.com/maps/place/%D9%85%D8%AF%D8%B1%D8%B3%D8%A9+%D8%B1%D8%A7%D9%8A%D8%A9+%D8%A7%D9%84%D8%A7%D8%A8%D8%AF%D8%A7%D8%B9+%D8%A7%D9%84%D8%B9%D8%A7%D9%84%D9%85%D9%8A%D8%A9+%D8%A8%D8%A7%D9%84%D9%86%D8%B8%D8%A7%D9%85+%D8%A7%D9%84%D9%85%D9%86%D8%AA%D8%B3%D9%88%D8%B1%D9%8A%E2%80%AD/data=!4m7!3m6!1s0x3e2ee3a5033f3015:0x8eaacf529245a8f9!8m2!3d24.7758369!4d46.6243736!16s%2Fg%2F11c1wwsr37!19sChIJFTA_A6XjLj4R-ahFklLPqo4?authuser=0&hl=ar&rclk=1,مدرسة راية الابداع العالمية بالنظام المنتسوري,4.0,(81),مدرسة,055 502 4680,العقيق,https://www.facebook.com/Red-Noses-Montessori-Schools-913378758718375/,شمال الرياض
https://www.google.com/maps/place/%D9%85%D8%AF%D8%B1%D8%B3%D8%A9+%D8%B4%D8%AE%D8%B5%D9%8A%D8%AA%D9%8A+%D8%A7%D9%84%D9%85%D8%A8%D8%AF%D8%B9%D8%A9%E2%80%AD/data=!4m7!3m6!1s0x3e2ee3614d35a9bd:0x2561f63047fe814d!8m2!3d24.7823016!4d46.6286053!16s%2Fg%2F11tc8m01b6!19sChIJvak1TWHjLj4RTYH-RzD2YSU?authuser=0&hl=ar&rclk=1,مدرسة شخصيتي المبدعة,4.1,(25),مدرسة,055 808 1959,العقيق,,شمال الرياض
https://www.google.com/maps/place/%D8%B1%D9%88%D8%B6%D8%A9+%D9%A7%D9%A1%E2%80%AD/data=!4m7!3m6!1s0x3e2ee39c138699b9:0x69ed684e99dd2393!8m2!3d24.7905366!4d46.6287811!16s%2Fg%2F11c1q946h7!19sChIJuZmGE5zjLj4RkyPdmU5o7Wk?authuser=0&hl=ar&rclk=1,روضة ٧١,4.4,(73),رياض أطفال,055 370 1027,العقيق,,شمال الرياض
https://www.google.com/maps/place/Sa113611/data=!4m7!3m6!1s0x3e2ee3f913653f71:0x662994f4b672d07a!8m2!3d24.7846656!4d46.6286685!16s%2Fg%2F11kk2484cx!19sChIJcT9lE_njLj4RetBytvSUKWY?authuser=0&hl=ar&rclk=1,Sa113611,,,حضانة أطفال,,العقيق,,شمال الرياض
https://www.google.com/maps/place/%D9%85%D8%AF%D8%A7%D8%B1%D8%B3+%D8%A7%D9%84%D9%86%D8%AE%D9%84%D8%A9+%D8%A7%D9%84%D8%A3%D9%87%D9%84%D9%8A%D8%A9%E2%80%AD/data=!4m7!3m6!1s0x3e2ee39c668650e5:0x300e499a36988435!8m2!3d24.7916564!4d46.6283191!16s%2Fg%2F11b7k28hmk!19sChIJ5VCGZpzjLj4RNYSYNppJDjA?authuser=0&hl=ar&rclk=1,مدارس النخلة الأهلية,4.0,(81),رياض أطفال,054 690 2599,العقيق,,شمال الرياض
https://www.google.com/maps/place/%D9%85%D8%B1%D9%83%D8%B2%D8%A7%D9%84%D8%AD%D8%AF%D9%8A%D9%82%D8%A9+%D8%A7%D9%84%D8%AD%D9%8A%D8%A9+%D9%84%D8%B6%D9%8A%D8%A7%D9%81%D8%A9+%D8%A7%D9%84%D8%A7%D8%B7%D9%81%D8%A7%D9%84+%D8%AD%D9%8A+%D8%A7%D9%84%D9%86%D8%B1%D8%AC%D8%B3%E2%80%AD/data=!4m7!3m6!1s0x3e2ee552e2d5de15:0x1a0e416fb7d8ffd1!8m2!3d24.8566245!4d46.6539981!16s%2Fg%2F11x2wdsyhj!19sChIJFd7V4lLlLj4R0f_Yt29BDho?authuser=0&hl=ar&rclk=1,مركزالحديقة الحية لضيافة الاطفال حي النرجس,4.4,(7),حضانة أطفال,053 374 9816,العارض,https://www.googleadservices.com/pagead/aclk?sa=L&ai=DChcSEwjq8NvV9oaMAxVfkIMHHQ2gHo0YABAHGgJlZg&co=1&gclid=Cj0KCQjwhMq-BhCFARIsAGvo0Kd8RujsqnptfDUzDTLPZphZyn1njATzZfco_wgYySozCQb6h3iE_hYaAs1_EALw_wcB&ohost=www.google.com&cid=CAESVuD2KVB85tsiUZPI_FR03Vm1zImN_diC0a5x4YpvxMUqUrtPGSHWBlRleNjekhL2Mzxr7o95qdJNuQkTb0x3X7AlnpWQZRx7HpD7ZnCQNdvhMuAYA-c6&sig=AOD64_1Z6wbul67y44uoYrR2bNx73qyFdg&adurl&q&ctype=99,شمال الرياض
https://www.google.com/maps/place/%D9%85%D8%B1%D9%83%D8%B2+%D9%86%D9%85%D9%88+%D8%A7%D9%84%D9%85%D8%B9%D8%B1%D9%81%D8%A9+%D9%84%D8%B6%D9%8A%D8%A7%D9%81%D8%A9+%D8%A7%D9%84%D8%A3%D8%B7%D9%81%D8%A7%D9%84%E2%80%AD/data=!4m7!3m6!1s0x3e2eef4210a09503:0xf4e23c1a0bf7849c!8m2!3d24.8832899!4d46.6033177!16s%2Fg%2F11t2t0_96f!19sChIJA5WgEELvLj4RnIT3Cxo84vQ?authuser=0&hl=ar&rclk=1,مركز نمو المعرفة لضيافة الأطفال,4.2,(84),حضانة أطفال,053 181 8983,العارض,https://www.instagram.com/numo_c22,شمال الرياض
https://www.google.com/maps/place/%D8%AD%D8%B6%D8%A7%D9%86%D9%87+%D8%A7%D9%8A%D9%85%D9%8A%E2%80%AD/data=!4m7!3m6!1s0x3e2ee574c015034b:0xedbc846048e26b6f!8m2!3d24.8610351!4d46.6339379!16s%2Fg%2F11sv568q74!19sChIJSwMVwHTlLj4Rb2viSGCEvO0?authuser=0&hl=ar&rclk=1,حضانه ايمي,5.0,(18),حضانة أطفال,055 854 5714,العارض,,شمال الرياض
https://www.google.com/maps/place/%D9%85%D8%B1%D9%83%D8%B2+%D8%A7%D9%84%D8%AD%D8%AF%D9%8A%D9%82%D8%A9+%D8%A7%D9%84%D8%AD%D9%8A%D9%87+%D9%84%D8%B6%D9%8A%D8%A7%D9%81%D8%A9+%D8%A7%D9%84%D8%A7%D8%B7%D9%81%D8%A7%D9%84+%28+%D9%85%D8%B3%D8%A7%D8%B1+%D9%88%D8%B7%D9%86%D9%8A+%D9%88%D8%B9%D8%A7%D9%84%D9%85%D9%8A%29+%D8%AD%D8%B6%D8%A7%D9%86%D8%A9+%D9%88+%D8%B1%D9%88%D8%B6%D8%A9+%D9%88+%D9%86%D8%A7%D8%AF%D9%8A+%D8%A8%D8%B9%D8%AF+%D8%A7%D9%84%D9%85%D8%AF%D8%B1%D8%B3%D8%A9%E2%80%AD/data=!4m7!3m6!1s0x3e2eefd34ec4ea53:0x59833a68e27e3e19!8m2!3d24.877209!4d46.6019259!16s%2Fg%2F11kpy___qt!19sChIJU-rETtPvLj4RGT5-4mg6g1k?authuser=0&hl=ar&rclk=1,مركز الحديقة الحيه لضيافة الاطفال ( مسار وطني وعالمي) حضانة و روضة و نادي بعد المدرسة,3.9,(58),حضانة أطفال,050 873 7486,العارض,https://instagram.com/living.garden.riyadh?igshid=NTc4MTIwNjQ2YQ==,شمال الرياض
https://www.google.com/maps/place/%D8%AD%D8%B6%D8%A7%D9%86%D8%A9+%D8%A8%D9%8A%D8%AA+%D8%A7%D9%84%D8%B7%D9%81%D9%84%E2%80%AD/data=!4m7!3m6!1s0x3e2ee57f61e9f913:0x597f61f201cddb3b!8m2!3d24.8672231!4d46.6111788!16s%2Fg%2F11sd_z7q63!19sChIJE_npYX_lLj4RO9vNAfJhf1k?authuser=0&hl=ar&rclk=1,حضانة بيت الطفل,4.2,(24),حضانة أطفال,053 265 7995,العارض,,شمال الرياض
https://www.google.com/maps/place/%D8%B1%D9%88%D8%B6%D8%A9+%D9%88+%D8%AD%D8%B6%D8%A7%D9%86%D8%A9+%D9%85%D8%AF%D9%8A%D9%86%D8%A9+%D8%A7%D9%84%D8%B7%D9%81%D9%84+%D8%A7%D9%84%D8%A7%D9%87%D9%84%D9%8A%D8%A9+-+%D8%A7%D9%84%D8%B9%D8%A7%D8%B1%D8%B6%E2%80%AD/data=!4m7!3m6!1s0x3e2ee5aa951ab42b:0x93ccce20df0f00d6!8m2!3d24.877415!4d46.6229812!16s%2Fg%2F11vbw6qw66!19sChIJK7QalarlLj4R1gAP3yDOzJM?authuser=0&hl=ar&rclk=1,روضة و حضانة مدينة الطفل الاهلية - العارض,4.5,(68),حضانة أطفال,053 505 4569,العارض,https://t.snapchat.com/hjDQmIYu,شمال الرياض
https://www.google.com/maps/place/%D9%85%D8%B1%D9%83%D8%B2+%D8%B9%D8%A7%D9%84%D9%85+%D8%A7%D9%84%D8%B7%D9%81%D9%84+%D9%84%D8%B6%D9%8A%D8%A7%D9%81%D8%A9+%D8%A7%D9%84%D8%A3%D8%B7%D9%81%D8%A7%D9%84%E2%80%AD/data=!4m7!3m6!1s0x3e2efcf8118ca443:0x1c11629f707b048!8m2!3d24.8031351!4d46.7085079!16s%2Fg%2F11c5s_3ly6!19sChIJQ6SMEfj8Lj4RSLAH9ykWwQE?authuser=0&hl=ar&rclk=1,مركز عالم الطفل لضيافة الأطفال,4.2,(71),حضانة,055 364 0310,الفلاح,https://www.instagram.com/childworld1?igsh=aDF4eGd2ZW41bmd1,شمال الرياض
https://www.google.com/maps/place/%D9%85%D8%B1%D9%83%D8%B2+%D8%B1%D8%AD%D9%84%D8%A9+%D8%A7%D9%84%D8%B7%D9%81%D9%88%D9%84%D8%A9+%D9%84%D8%B6%D9%8A%D8%A7%D9%81%D8%A9+%D8%A7%D9%84%D8%A3%D8%B7%D9%81%D8%A7%D9%84+%D8%A7%D9%84%D8%A3%D9%87%D9%84%D9%8A%D8%A9%E2%80%AD/data=!4m7!3m6!1s0x3e2efdbf222f48fb:0x5e400678b3530d5a!8m2!3d24.7971031!4d46.7055816!16s%2Fg%2F11t73j2h05!19sChIJ-0gvIr_9Lj4RWg1Ts3gGQF4?authuser=0&hl=ar&rclk=1,مركز رحلة الطفولة لضيافة الأطفال الأهلية,4.3,(24),حضانة أطفال,054 891 4131,الفلاح,https://beacons.ai/childhoodjourney,شمال الرياض
https://www.google.com/maps/place/%D8%B1%D9%88%D8%B6%D8%A9+%D8%AF%D9%88%D8%AD%D8%A9+%D8%A7%D9%84%D9%85%D8%AC%D8%AF+%D8%A7%D9%84%D8%A3%D9%87%D9%84%D9%8A%D8%A9%E2%80%AD/data=!4m7!3m6!1s0x3e2efd48f0556c97:0x5fdb50bf752fe854!8m2!3d24.789958!4d46.7042267!16s%2Fg%2F11fmvl7nc3!19sChIJl2xV8Ej9Lj4RVOgvdb9Q218?authuser=0&hl=ar&rclk=1,روضة دوحة المجد الأهلية,4.0,(87),مدرسة,055 983 3184,الفلاح,https://my-little-world-123.my.canva.site/,شمال الرياض
https://www.google.com/maps/place/%D9%85%D8%B1%D9%83%D8%B2+%D9%81%D8%B5%D9%84+%D8%A7%D9%84%D8%B1%D8%A8%D9%8A%D8%B9+%D9%84%D8%B6%D9%8A%D8%A7%D9%81%D8%A9+%D8%A7%D9%84%D8%A3%D8%B7%D9%81%D8%A7%D9%84%E2%80%AD/data=!4m7!3m6!1s0x3e2efdc8a4f6e705:0x583eab7df2418fea!8m2!3d24.8021084!4d46.7033822!16s%2Fg%2F11tgd_hs9j!19sChIJBef2pMj9Lj4R6o9B8n2rPlg?authuser=0&hl=ar&rclk=1,مركز فصل الربيع لضيافة الأطفال,4.8,(25),حضانة أطفال,055 701 2070,الفلاح,https://sites.google.com/view/ssdaycare,شمال الرياض
https://www.google.com/maps/place/%D8%AD%D8%B6%D8%A7%D9%86%D8%A9+%D8%A3%D8%B7%D9%81%D8%A7%D9%84%E2%80%AD/data=!4m7!3m6!1s0x3e2efd580686aa1d:0xe053326c44c9daf8!8m2!3d24.795441!4d46.7044624!16s%2Fg%2F11h2389n9x!19sChIJHaqGBlj9Lj4R-NrJRGwyU-A?authuser=0&hl=ar&rclk=1,حضانة أطفال,2.5,(4),مدرسة,,الفلاح,,شمال الرياض
https://www.google.com/maps/place/%D8%AD%D8%B6%D8%A7%D9%86%D8%A9+%D8%A8%D9%8A%D8%AA%D9%8A+%D8%A7%D9%84%D8%AF%D8%A7%D9%81%D8%A6%E2%80%AD/data=!4m7!3m6!1s0x3e2efc5a08871667:0xce16eaa449aeda4a!8m2!3d24.8066098!4d46.7130605!16s%2Fg%2F11bzvcs_9r!19sChIJZxaHCFr8Lj4RStquSaTqFs4?authuser=0&hl=ar&rclk=1,حضانة بيتي الدافئ,3.3,(29),حضانة أطفال,011 455 6669,الفلاح,,شمال الرياض
https://www.google.com/maps/place/%D9%85%D8%B1%D9%83%D8%B2+%D8%AA%D9%83%D8%A8%D8%B1+%D9%85%D8%B9%D8%A7%D9%86%D8%A7+%D9%84%D8%B6%D9%8A%D8%A7%D9%81%D8%A9+%D8%A7%D9%84%D8%A7%D8%B7%D9%81%D8%A7%D9%84+%D8%A7%D9%84%D8%A3%D9%87%D9%84%D9%8A%D8%A9%E2%80%AD/data=!4m7!3m6!1s0x3e2ee71a2dc3635d:0x63359cd343d3444b!8m2!3d24.817751!4d46.58746!16s%2Fg%2F11s7lx3bc3!19sChIJXWPDLRrnLj4RS0TTQ9OcNWM?authuser=0&hl=ar&rclk=1,مركز تكبر معانا لضيافة الاطفال الأهلية,4.6,(34),حضانة أطفال,053 814 0037,القيران,,شمال الرياض
https://www.google.com/maps/place/%D8%A7%D9%84%D9%85%D9%83%D8%A7%D9%86+%D8%A7%D9%84%D8%A3%D9%81%D8%B6%D9%84+%D9%84%D8%AD%D8%B6%D8%A7%D9%86%D8%A9+%D8%A7%D9%84%D8%A3%D8%B7%D9%81%D8%A7%D9%84%E2%80%AD/data=!4m7!3m6!1s0x3e2ee7a22738b8a3:0x5d78a6b3e17b7b9d!8m2!3d24.8252592!4d46.5910916!16s%2Fg%2F11kpyj349_!19sChIJo7g4J6LnLj4RnXt74bOmeF0?authuser=0&hl=ar&rclk=1,المكان الأفضل لحضانة الأطفال,4.7,(35),حضانة أطفال,054 310 1507,القيران,,شمال الرياض
https://www.google.com/maps/place/%D9%85%D8%B1%D9%83%D8%B2+%D9%81%D8%B1%D8%A7%D8%B4%D8%A7%D8%AA+%D8%A7%D9%84%D9%82%D9%8A%D8%B1%D9%88%D8%A7%D9%86+%D9%84%D8%B6%D9%8A%D8%A7%D9%81%D8%A9+%D8%A7%D9%84%D8%A3%D8%B7%D9%81%D8%A7%D9%84%E2%80%AD/data=!4m7!3m6!1s0x3e2ee7cc45e6399f:0x449565c3173c3f67!8m2!3d24.8295518!4d46.5604155!16s%2Fg%2F11stg_5709!19sChIJnznmRcznLj4RZz88F8NllUQ?authuser=0&hl=ar&rclk=1,مركز فراشات القيروان لضيافة الأطفال,4.4,(5),حضانة أطفال,053 509 0227,القيران,,شمال الرياض
https://www.google.com/maps/place/%D9%85%D8%B1%D9%83%D8%B2+%D8%A7%D9%84%D8%A3%D8%B7%D9%81%D8%A7%D9%84+%D9%81%D9%8A+%D8%AA%D9%88%D8%AC%D8%A7%D9%86+%D9%83%D9%85%D8%A8%D8%A7%D9%88%D9%86%D8%AF%E2%80%AD/data=!4m7!3m6!1s0x3e2ee9fe4109caab:0xdbaf061d307bdfe0!8m2!3d24.8664539!4d46.5828715!16s%2Fg%2F11ksl46nw4!19sChIJq8oJQf7pLj4R4N97MB0Gr9s?authuser=0&hl=ar&rclk=1,مركز الأطفال في توجان كمباوند,5.0,(5),حضانة أطفال,059 199 3835,القيران,,شمال الرياض
https://www.google.com/maps/place/%D9%85%D8%B1%D9%83%D8%B2+%D8%AA%D8%AF%D8%B1%D9%8A%D8%A8+%D9%85%D8%B9%D9%84%D9%85%D8%A7%D8%AA+%D8%B1%D9%8A%D8%A7%D8%B6+%D8%A7%D9%84%D8%A3%D8%B7%D9%81%D8%A7%D9%84+%D8%A8%D8%A7%D9%84%D8%B1%D9%8A%D8%A7%D8%B6%E2%80%AD/data=!4m7!3m6!1s0x3e2f1c48fac0c0e1:0x46c7b7e81bdb973b!8m2!3d24.7791952!4d46.6571598!16s%2Fg%2F11f2wlgrby!19sChIJ4cDA-kgcLz4RO5fbG-i3x0Y?authuser=0&hl=ar&rclk=1,مركز تدريب معلمات رياض الأطفال بالرياض,4.1,(40),حضانة أطفال,059 330 5489,الغدير,,شمال الرياض
https://www.google.com/maps/place/%D8%B1%D9%88%D8%B6%D8%A9+%D8%AC%D9%86%D8%A9+%D8%A7%D9%84%D8%B1%D9%8A%D9%85%E2%80%AD/data=!4m7!3m6!1s0x3e2ee31979ca00b7:0xa191c6316560104a!8m2!3d24.7794309!4d46.6469021!16s%2Fg%2F11bz0jr6x4!19sChIJtwDKeRnjLj4RShBgZTHGkaE?authuser=0&hl=ar&rclk=1,روضة جنة الريم,3.9,(28),حضانة أطفال,053 007 0017,الغدير,http://instagram.com/jalreem,شمال الرياض
https://www.google.com/maps/place/%D9%85%D8%B1%D9%83%D8%B2+%D8%A8%D8%B1%D8%A7%D8%B9%D9%85+%D8%A7%D9%84%D9%86%D8%AE%D9%8A%D9%84+%D9%84%D9%84%D8%A3%D8%B7%D9%81%D8%A7%D9%84+-+%D8%A7%D9%84%D9%85%D8%B5%D9%8A%D9%81%E2%80%AD/data=!4m7!3m6!1s0x3e2ee3a4bdd2e9bd:0xb9f9e6040813a53d!8m2!3d24.7690362!4d46.6700494!16s%2Fg%2F11smzhxdfq!19sChIJvenSvaTjLj4RPaUTCATm-bk?authuser=0&hl=ar&rclk=1,مركز براعم النخيل للأطفال - المصيف,4.8,(74),مركز لرعاية الأطفال,054 563 7113,المصيف,,شمال الرياض
https://www.google.com/maps/place/%D8%B1%D9%88%D8%B6%D8%A9+%D9%88+%D8%AD%D8%B6%D8%A7%D9%86%D8%A9+%D8%A7%D9%84%D8%AA%D8%B9%D9%84%D9%8A%D9%85+%D8%A7%D9%84%D9%85%D9%85%D8%AA%D8%B9%E2%80%AD/data=!4m7!3m6!1s0x3e2efd3344483f3d:0x11ca1589e92f162d!8m2!3d24.7677101!4d46.6711274!16s%2Fg%2F11cst0fwhz!19sChIJPT9IRDP9Lj4RLRYv6YkVyhE?authuser=0&hl=ar&rclk=1,روضة و حضانة التعليم الممتع,4.1,(87),مدرسة,054 338 8136,المصيف,,شمال الرياض
https://www.google.com/maps/place/%D8%AD%D8%B6%D8%A7%D9%86%D9%87+%D9%85%D9%86%D8%B2%D9%84%D9%8A%D9%87+%D9%84%D9%84%D8%A3%D8%B7%D9%81%D8%A7%D9%84+-+%D8%A7%D9%84%D8%B1%D9%8A%D8%A7%D8%B6%E2%80%AD/data=!4m7!3m6!1s0x3e2efdd27c818ee9:0xdd940dac3e8fd605!8m2!3d24.7646572!4d46.6832589!16s%2Fg%2F11vrznqnjk!19sChIJ6Y6BfNL9Lj4RBdaPPqwNlN0?authuser=0&hl=ar&rclk=1,حضانه منزليه للأطفال - الرياض,4.9,(32),حضانة أطفال,055 524 6061,المصيف,,شمال الرياض
https://www.google.com/maps/place/%D9%85%D8%B1%D9%83%D8%B2+%D8%A8%D8%B1%D8%A7%D8%B9%D9%85+%D8%A7%D9%84%D9%85%D8%B5%D9%8A%D9%81+%28+%D8%B2%D9%87%D9%88%D8%B1+%D8%A7%D9%84%D9%85%D8%B5%D9%8A%D9%81%29%E2%80%AD/data=!4m7!3m6!1s0x3e2efd34172cfcc5:0x905ea2aca946f9d6!8m2!3d24.7610156!4d46.6902342!16s%2Fg%2F11v9k9j2k8!19sChIJxfwsFzT9Lj4R1vlGqayiXpA?authuser=0&hl=ar&rclk=1,مركز براعم المصيف ( زهور المصيف),5.0,(28),حضانة أطفال,056 255 8265,المصيف,,شمال الرياض
https://www.google.com/maps/place/%D8%AD%D8%B6%D8%A7%D9%86%D9%87+%D8%A7%D9%84%D9%85%D8%B1%D9%88%D8%AC%E2%80%AD/data=!4m7!3m6!1s0x3e2efdfdd35c9a19:0x65981ebbef9b9399!8m2!3d24.7527259!4d46.6723698!16s%2Fg%2F11h_5lv6c7!19sChIJGZpc0_39Lj4RmZOb77semGU?authuser=0&hl=ar&rclk=1,حضانه المروج,3.9,(29),حضانة أطفال,055 641 2332,المصيف,,شمال الرياض
https://www.google.com/maps/place/WeCare+Nursery+%26+Kindergarten/data=!4m7!3m6!1s0x3e2f03b6b14816e9:0x5a82ad25fdf06fc4!8m2!3d24.7545561!4d46.7241195!16s%2Fg%2F11tb5rkfm1!19sChIJ6RZIsbYDLz4RxG_w_SWtglo?authuser=0&hl=ar&rclk=1,WeCare Nursery & Kindergarten,4.4,(60),مدرسة مونتيسوري,055 453 1119,المغرزات,https://www.wecare.sa/,شمال الرياض
https://www.google.com/maps/place/%D8%AD%D8%B6%D8%A7%D9%86%D8%A9+%D9%88+%D8%B1%D9%88%D8%B6%D8%A9+%D9%85%D9%86%D8%B7%D9%82%D8%A9+%D8%A7%D9%84%D9%86%D8%AC%D9%88%D9%85+%D9%84%D8%B6%D9%8A%D8%A7%D9%81%D8%A9+%D8%A7%D9%84%D8%A3%D8%B7%D9%81%D8%A7%D9%84%E2%80%AD/data=!4m7!3m6!1s0x3e2f03737c833447:0xe08beb3068baf192!8m2!3d24.7539664!4d46.7220516!16s%2Fg%2F11rl8d5q5_!19sChIJRzSDfHMDLz4RkvG6aDDri-A?authuser=0&hl=ar&rclk=1,حضانة و روضة منطقة النجوم لضيافة الأطفال,4.7,(102),مركز لرعاية الأطفال,056 531 7038,المغرزات,https://instagram.com/stars_zone_ksa?utm_medium=copy_link,شمال الرياض
https://www.google.com/maps/place/%D9%85%D8%B1%D9%83%D8%B2+%D8%A7%D9%84%D8%A3%D9%8A%D8%AF%D9%8A+%D8%A7%D9%84%D8%B5%D8%BA%D9%8A%D8%B1%D8%A9+%D9%84%D8%B6%D9%8A%D8%A7%D9%81%D8%A9+%D8%A7%D9%84%D8%A3%D8%B7%D9%81%D8%A7%D9%84%E2%80%AD/data=!4m7!3m6!1s0x3e2f03d16177c797:0x56651e15e473f55f!8m2!3d24.7581221!4d46.7325257!16s%2Fg%2F11fq_zd7gr!19sChIJl8d3YdEDLz4RX_Vz5BUeZVY?authuser=0&hl=ar&rclk=1,مركز الأيدي الصغيرة لضيافة الأطفال,4.3,(198),مدرسة,050 474 4922,المغرزات,,شمال الرياض
https://www.google.com/maps/place/%D8%B1%D9%85%D8%A7%D9%84+%D8%A7%D9%84%D8%B7%D9%81%D9%84%E2%80%AD/data=!4m7!3m6!1s0x3e2efd7adb9f0ef5:0x9e9b929c8b3538bf!8m2!3d24.76574!4d46.7157933!16s%2Fg%2F11srmnlp5j!19sChIJ9Q6f23r9Lj4Rvzg1i5ySm54?authuser=0&hl=ar&rclk=1,رمال الطفل,1.7,(92),حضانة أطفال,,المغرزات,,شمال الرياض
https://www.google.com/maps/place/%D8%AD%D8%B6%D8%A7%D9%86%D8%A9%E2%80%AD/data=!4m7!3m6!1s0x3e2f03c43c534af9:0x84906e31d4e7200c!8m2!3d24.758126!4d46.7325163!16s%2Fg%2F11h6r2v213!19sChIJ-UpTPMQDLz4RDCDn1DFukIQ?authuser=0&hl=ar&rclk=1,حضانة,5.0,(1),مدرسة,,المغرزات,,شمال الرياض
https://www.google.com/maps/place/%D8%AD%D8%B6%D8%A7%D9%86%D9%87+%D8%A7%D9%84%D9%85%D8%B1%D9%88%D8%AC%E2%80%AD/data=!4m7!3m6!1s0x3e2efdfdd35c9a19:0x65981ebbef9b9399!8m2!3d24.7527259!4d46.6723698!16s%2Fg%2F11h_5lv6c7!19sChIJGZpc0_39Lj4RmZOb77semGU?authuser=0&hl=ar&rclk=1,حضانه المروج,3.9,(29),حضانة أطفال,055 641 2332,الموروج,,شمال الرياض
https://www.google.com/maps/place/%D8%AD%D8%B6%D8%A7%D9%86%D8%A9+%D8%A7%D9%84%D8%A7%D8%B5%D8%AF%D9%82%D8%A7%D8%A1+%D8%A7%D9%84%D8%B5%D8%BA%D8%A7%D8%B1%E2%80%AD/data=!4m7!3m6!1s0x3e2ee35f509c926b:0x771264a491c8944f!8m2!3d24.7568224!4d46.6682391!16s%2Fg%2F11tfgsxl90!19sChIJa5KcUF_jLj4RT5TIkaRkEnc?authuser=0&hl=ar&rclk=1,حضانة الاصدقاء الصغار,5.0,(9),حضانة,055 450 0117,الموروج,,شمال الرياض
https://www.google.com/maps/place/%D8%AD%D8%B6%D8%A7%D9%86%D8%A9+%D9%87%D8%A7%D8%A8%D9%86%D9%8A%D8%B3+2%E2%80%AD/data=!4m7!3m6!1s0x3e2ee370ff1cbaa7:0x79af3e47eaf88d7!8m2!3d24.7534902!4d46.6606894!16s%2Fg%2F11v06dy_6g!19sChIJp7oc_3DjLj4R14ivfuTzmgc?authuser=0&hl=ar&rclk=1,حضانة هابنيس 2,4.4,(21),حضانة أطفال,058 066 0300,الموروج,,شمال الرياض
https://www.google.com/maps/place/%D9%85%D8%B1%D9%83%D8%B2+%D8%A8%D8%B1%D8%A7%D8%B9%D9%85+%D8%A7%D9%84%D9%86%D8%AE%D9%8A%D9%84+%D9%84%D9%84%D8%A3%D8%B7%D9%81%D8%A7%D9%84+-+%D8%A7%D9%84%D9%85%D8%B5%D9%8A%D9%81%E2%80%AD/data=!4m7!3m6!1s0x3e2ee3a4bdd2e9bd:0xb9f9e6040813a53d!8m2!3d24.7690362!4d46.6700494!16s%2Fg%2F11smzhxdfq!19sChIJvenSvaTjLj4RPaUTCATm-bk?authuser=0&hl=ar&rclk=1,مركز براعم النخيل للأطفال - المصيف,4.8,(74),مركز لرعاية الأطفال,054 563 7113,الموروج,,شمال الرياض
https://www.google.com/maps/place/Kid%E2%80%99s+day+care/data=!4m7!3m6!1s0x3e2efdfbd0755013:0xd006ffa6b15171a2!8m2!3d24.7528737!4d46.672401!16s%2Fg%2F11j007vc9c!19sChIJE1B10Pv9Lj4RonFRsab_BtA?authuser=0&hl=ar&rclk=1,Kid’s day care,4.0,(4),حضانة أطفال,055 641 2332,الموروج,,شمال الرياض
https://www.google.com/maps/place/%D8%AD%D8%B6%D8%A7%D9%86%D8%A9+%D8%A7%D9%84%D8%A3%D8%B5%D8%AF%D9%82%D8%A7%D8%A1+%D8%A7%D9%84%D9%85%D8%B1%D8%AD%D9%88%D9%86%E2%80%AD/data=!4m7!3m6!1s0x3e2f029d3df8fb39:0xed0240b152278871!8m2!3d24.751208!4d46.6983134!16s%2Fg%2F11cmyx3h9j!19sChIJOfv4PZ0CLz4RcYgnUrFAAu0?authuser=0&hl=ar&rclk=1,حضانة الأصدقاء المرحون,4.5,(60),مدرسة,054 420 8668,المورسلات,https://www.instagram.com/funny_friends_n/,شمال الرياض
https://www.google.com/maps/place/%D8%A3%D9%83%D8%A7%D8%AF%D9%8A%D9%85%D9%8A%D8%A9+%D8%A7%D9%84%D8%B5%D8%BA%D8%A7%D8%B1%E2%80%AD/data=!4m7!3m6!1s0x3e2f02a31ad7a679:0xa8ca9acc26cfab4!8m2!3d24.7408714!4d46.6870592!16s%2Fg%2F1pv2hzgk1!19sChIJeabXGqMCLz4RtPpswqypjAo?authuser=0&hl=ar&rclk=1,أكاديمية الصغار,4.0,(66),رياض أطفال,050 447 3073,المورسلات,https://www.instagram.com/kidzacademy?igsh=d3hvM2NrZnJuZTFu,شمال الرياض
https://www.google.com/maps/place/%D8%B1%D9%88%D8%B6%D8%A9+%D9%82%D8%AF%D8%B1%D8%A7%D8%AA%D9%8A+%D8%A7%D9%84%D8%B9%D8%A7%D9%84%D9%85%D9%8A%D8%A9%E2%80%AD/data=!4m7!3m6!1s0x3e2f029c462fdca9:0xec692b815338adea!8m2!3d24.7488919!4d46.6960799!16s%2Fg%2F11c53b5d89!19sChIJqdwvRpwCLz4R6q04U4Eraew?authuser=0&hl=ar&rclk=1,روضة قدراتي العالمية,4.0,(22),مدرسة,,المورسلات,,شمال الرياض
https://www.google.com/maps/place/%D9%85%D8%AF%D8%A7%D8%B1%D8%B3+%D8%A7%D9%84%D8%AF%D8%B1%D8%A9+%D8%A7%D9%84%D8%A7%D9%87%D9%84%D9%8A%D8%A9%E2%80%AD/data=!4m7!3m6!1s0x3e2efd5b02a6a3eb:0xb92225504428d086!8m2!3d24.754456!4d46.6818654!16s%2Fg%2F11c6rgvcc7!19sChIJ66OmAlv9Lj4RhtAoRFAlIrk?authuser=0&hl=ar&rclk=1,مدارس الدرة الاهلية,4.3,(65),مدرسة عامة,056 300 4660,المورسلات,,شمال الرياض
https://www.google.com/maps/place/%D9%85%D8%B1%D9%83%D8%B2+%D8%B2%D9%87%D8%B1%D8%A9+%D8%A7%D9%84%D8%A8%D9%86%D9%81%D8%B3%D8%AC+%D9%84%D8%B6%D9%8A%D8%A7%D9%81%D8%A9+%D8%A7%D9%84%D8%A3%D8%B7%D9%81%D8%A7%D9%84+-+Violet+Center+fo+Children+Hospitality%E2%80%AD/data=!4m7!3m6!1s0x3e2efda5fe196155:0x55d024fb13c8eb97!8m2!3d24.7565291!4d46.6943758!16s%2Fg%2F11nl7jndng!19sChIJVWEZ_qX9Lj4Rl-vIE_sk0FU?authuser=0&hl=ar&rclk=1,مركز زهرة البنفسج لضيافة الأطفال - Violet Center fo Children Hospitality,4.0,(26),رياض أطفال,050 332 0078,المورسلات,https://instagram.com/violetfamilynursery?igshid=OGQ5ZDc2ODk2ZA==,شمال الرياض
https://www.google.com/maps/place/Super+kids+Academy/data=!4m7!3m6!1s0x3e2efdf3e39ea4bf:0x36429c878c605a0!8m2!3d24.7507545!4d46.681192!16s%2Fg%2F11q8x29rqh!19sChIJv6Se4_P9Lj4RoAXGeMgpZAM?authuser=0&hl=ar&rclk=1,Super kids Academy,4.0,(1),حضانة أطفال,057 009 0387,المورسلات,https://www.facebook.com/groups/343231307401308/?ref=share,شمال الرياض
https://www.google.com/maps/place/%D9%85%D8%B1%D9%83%D8%B2+%D8%B1%D8%B9%D8%A7%D9%8A%D8%A9+%D8%A7%D9%84%D8%B5%D8%BA%D8%A7%D8%B1%E2%80%AD/data=!4m7!3m6!1s0x3e2efcd2bd94db37:0xfc50c1663af9935f!8m2!3d24.7900033!4d46.6719768!16s%2Fg%2F11bztgyq4h!19sChIJN9uUvdL8Lj4RX5P5OmbBUPw?authuser=0&hl=ar&rclk=1,مركز رعاية الصغار,4.4,(69),حضانة أطفال,050 013 8726,النفل,,شمال الرياض
https://www.google.com/maps/place/%D9%85%D8%B1%D9%83%D8%B2+%D8%A7%D9%84%D9%82%D8%B1%D9%8A%D8%A9+%D8%A7%D9%84%D8%B5%D8%BA%D9%8A%D8%B1%D8%A9+%D9%84%D8%B6%D9%8A%D8%A7%D9%81%D8%A9+%D8%A7%D9%84%D8%A7%D8%B7%D9%81%D8%A7%D9%84+%D9%81%D8%B1%D8%B9+%D8%A7%D9%84%D9%86%D9%81%D9%84%E2%80%AD/data=!4m7!3m6!1s0x3e2efd63c7d700d9:0xccb3e0813986ba88!8m2!3d24.7882501!4d46.6770604!16s%2Fg%2F11st89dd6x!19sChIJ2QDXx2P9Lj4RiLqGOYHgs8w?authuser=0&hl=ar&rclk=1,مركز القرية الصغيرة لضيافة الاطفال فرع النفل,4.4,(35),حضانة أطفال,055 087 2550,النفل,,شمال الرياض
https://www.google.com/maps/place/%D9%85%D8%B1%D9%83%D8%B2+%D9%86%D8%AC%D9%88%D9%85+%D8%B5%D8%BA%D9%8A%D8%B1%D8%A9+%D9%84%D8%B6%D9%8A%D8%A7%D9%81%D8%A9+%D8%A7%D9%84%D8%A3%D8%B7%D9%81%D8%A7%D9%84%E2%80%AD/data=!4m7!3m6!1s0x3e2efdc0cb43bb8f:0xee55fdd9388ed9b0!8m2!3d24.7784703!4d46.6849442!16s%2Fg%2F11rcxltzb3!19sChIJj7tDy8D9Lj4RsNmOONn9Ve4?authuser=0&hl=ar&rclk=1,مركز نجوم صغيرة لضيافة الأطفال,4.0,(55),حضانة أطفال,055 417 5050,النفل,,شمال الرياض
https://www.google.com/maps/place/%D9%85%D8%B1%D9%83%D8%B2%D8%A7%D9%84%D8%AD%D8%AF%D9%8A%D9%82%D8%A9+%D8%A7%D9%84%D8%AD%D9%8A%D8%A9+%D9%84%D8%B6%D9%8A%D8%A7%D9%81%D8%A9+%D8%A7%D9%84%D8%A7%D8%B7%D9%81%D8%A7%D9%84+%D8%AD%D9%8A+%D8%A7%D9%84%D9%86%D8%B1%D8%AC%D8%B3%E2%80%AD/data=!4m7!3m6!1s0x3e2ee552e2d5de15:0x1a0e416fb7d8ffd1!8m2!3d24.8566245!4d46.6539981!16s%2Fg%2F11x2wdsyhj!19sChIJFd7V4lLlLj4R0f_Yt29BDho?authuser=0&hl=ar&rclk=1,مركزالحديقة الحية لضيافة الاطفال حي النرجس,4.4,(7),حضانة أطفال,053 374 9816,النرجس,https://www.googleadservices.com/pagead/aclk?sa=L&ai=DChcSEwjUjtHG9YaMAxWbk4MHHZ8zHIwYABAAGgJlZg&co=1&gclid=Cj0KCQjwhMq-BhCFARIsAGvo0KeqMW58r0xCwfazy_L3JlSn-hTZif4KfNZvKoZ6RzGQqu2SMMKo5X8aAlWQEALw_wcB&ohost=www.google.com&cid=CAESVuD2fsvli733wy03H54VSCpJVATIPKGoJ5qaCi-UjZnY6Aoc01KUCgwUZP4ZmfeFnM-lb76M5EPk3lAbZq3jhDSS7zF7yxSuFfF7Vv_jr3TP5cxL5w1f&sig=AOD64_1uuYBYrNmj7rTuKqJUPyEz1WIVyg&adurl&q&ctype=99,شمال الرياض
https://www.google.com/maps/place/%D9%85%D8%B1%D9%83%D8%B2%D8%A7%D9%84%D8%AD%D8%AF%D9%8A%D9%82%D8%A9+%D8%A7%D9%84%D8%AD%D9%8A%D8%A9+%D9%84%D8%B6%D9%8A%D8%A7%D9%81%D8%A9+%D8%A7%D9%84%D8%A7%D8%B7%D9%81%D8%A7%D9%84+%D8%AD%D9%8A+%D8%A7%D9%84%D9%86%D8%B1%D8%AC%D8%B3%E2%80%AD/data=!4m7!3m6!1s0x3e2ee552e2d5de15:0x1a0e416fb7d8ffd1!8m2!3d24.8566245!4d46.6539981!16s%2Fg%2F11x2wdsyhj!19sChIJFd7V4lLlLj4R0f_Yt29BDho?authuser=0&hl=ar&rclk=1,مركزالحديقة الحية لضيافة الاطفال حي النرجس,4.4,(7),حضانة أطفال,053 374 9816,النرجس,,شمال الرياض
https://www.google.com/maps/place/%D9%85%D8%B1%D9%83%D8%B2+%D9%82%D9%84%D8%B9%D8%A9+%D8%A7%D9%84%D8%B5%D8%BA%D8%A7%D8%B1+%D9%84%D8%B6%D9%8A%D8%A7%D9%81%D8%A9+%D8%A7%D9%84%D8%A3%D8%B7%D9%81%D8%A7%D9%84+%D8%A7%D9%84%D8%A3%D9%87%D9%84%D9%8A%D8%A9%E2%80%AD/data=!4m7!3m6!1s0x3e2efb9db4234587:0xb8ca54ee3ed7768b!8m2!3d24.8359301!4d46.6781206!16s%2Fg%2F11n7tcz3tj!19sChIJh0UjtJ37Lj4Ri3bXPu5Uyrg?authuser=0&hl=ar&rclk=1,مركز قلعة الصغار لضيافة الأطفال الأهلية,4.1,(138),حضانة,050 479 1762,النرجس,https://linktr.ee/kidscastle.dc,شمال الرياض
https://www.google.com/maps/place/%D9%85%D8%B1%D9%83%D8%B2+%D8%A8%D9%8A%D8%AA+%D8%A3%D9%85%D9%8A+-+%D8%B6%D9%8A%D8%A7%D9%81%D8%A9+%D8%A3%D8%B7%D9%81%D8%A7%D9%84%E2%80%AD/data=!4m7!3m6!1s0x3e2ee3888003ec6b:0xd9b571bed949b0e0!8m2!3d24.8125918!4d46.6695923!16s%2Fg%2F11flgx_rdp!19sChIJa-wDgIjjLj4R4LBJ2b5xtdk?authuser=0&hl=ar&rclk=1,مركز بيت أمي - ضيافة أطفال,4.3,(284),مركز لرعاية الأطفال,058 382 5116,النرجس,https://baytummi.sa/,شمال الرياض
https://www.google.com/maps/place/%D8%A7%D9%84%D9%85%D9%86%D8%A7%D8%B1+%D9%84%D8%B6%D9%8A%D8%A7%D9%81%D8%A9+%D8%A7%D9%84%D8%A3%D8%B7%D9%81%D8%A7%D9%84+%28+%D8%AD%D8%B6%D8%A7%D9%86%D8%A9+-+%D8%B1%D9%88%D8%B6%D8%A9+%29%E2%80%AD/data=!4m7!3m6!1s0x3e2ee59f66f56fed:0x5df5f3886465fcf7!8m2!3d24.86701!4d46.6501015!16s%2Fg%2F11t5mktkm4!19sChIJ7W_1Zp_lLj4R9_xlZIjz9V0?authuser=0&hl=ar&rclk=1,المنار لضيافة الأطفال ( حضانة - روضة ),3.8,(116),حضانة أطفال,055 955 3068,النرجس,https://instagram.com/almanar_daycare?r=nametag,شمال الرياض
https://www.google.com/maps/place/%D9%85%D8%B1%D9%83%D8%B2+%D9%85%D8%B1%D8%A7%D9%86+%D9%84%D8%B6%D9%8A%D8%A7%D9%81%D8%A9+%D8%A7%D9%84%D8%A3%D8%B7%D9%81%D8%A7%D9%84+%D8%A7%D9%84%D8%A3%D9%87%D9%84%D9%8A%D8%A9%E2%80%AD/data=!4m7!3m6!1s0x3e2efbd9c4a65de3:0xe97ecaf6fc70c4fa!8m2!3d24.8310067!4d46.6806136!16s%2Fg%2F11rck5cp3d!19sChIJ412mxNn7Lj4R-sRw_PbKfuk?authuser=0&hl=ar&rclk=1,مركز مران لضيافة الأطفال الأهلية,4.3,(93),حضانة أطفال,059 420 6293,النرجس,,شمال الرياض
https://www.google.com/maps/place/%D8%AF%D8%A7%D9%81%D8%AF%D9%84%D8%B2+%D9%83%D9%8A%D8%AF%D8%B2%E2%80%AD/data=!4m7!3m6!1s0x3e2efbdcd8c6594b:0xe87dcb552889363!8m2!3d24.8476593!4d46.6801645!16s%2Fg%2F11sq3jcjp9!19sChIJS1nG2Nz7Lj4RY5OIUrXchw4?authuser=0&hl=ar&rclk=1,دافدلز كيدز,4.7,(52),مركز لرعاية الأطفال,055 815 5204,النرجس,http://instagram.com/daffodils.ksa?utm_medium=copy_link,شمال الرياض
https://www.google.com/maps/place/%D9%85%D8%B1%D9%83%D8%B2+%D8%A3%D9%85%D9%86%D9%8A%D8%AA%D9%8A+%D8%A7%D9%84%D8%B5%D8%BA%D9%8A%D8%B1%D8%A9+%D9%84%D8%B6%D9%8A%D8%A7%D9%81%D8%A9+%D8%A7%D9%84%D8%A7%D8%B7%D9%81%D8%A7%D9%84%E2%80%AD/data=!4m7!3m6!1s0x3e2eef6b9c56c285:0xa73fbd9e8120b41b!8m2!3d24.8954825!4d46.6282717!16s%2Fg%2F11t7t7tt6t!19sChIJhcJWnGvvLj4RG7QggZ69P6c?authuser=0&hl=ar&rclk=1,مركز أمنيتي الصغيرة لضيافة الاطفال,4.2,(43),مركز رعاية الطفل,055 422 2927,النرجس,https://instagram.com/mywish.ksa?r=nametag,شمال الرياض
https://www.google.com/maps/place/%D8%B1%D9%88%D8%B6%D8%A9+%D8%A3%D9%86%D9%8A%D8%B1+%D8%A7%D9%84%D8%A7%D9%87%D9%84%D9%8A%D8%A9%E2%80%AD/data=!4m7!3m6!1s0x3e2efbb36bac80d7:0x363466dfdda2a090!8m2!3d24.8318025!4d46.6870699!16s%2Fg%2F11fmrk97j_!19sChIJ14Csa7P7Lj4RkKCi3d9mNDY?authuser=0&hl=ar&rclk=1,روضة أنير الاهلية,4.4,(164),حضانة أطفال,053 013 4040,النرجس,https://www.onerkg.com/,شمال الرياض
https://www.google.com/maps/place/%D8%AD%D8%B6%D8%A7%D9%86%D8%A9+%D9%83%D9%88%D9%86%E2%80%AD/data=!4m7!3m6!1s0x3e2ee364a08d8d7f:0xb086457a0a57ed6d!8m2!3d24.8131052!4d46.6691749!16s%2Fg%2F11rssk_l8s!19sChIJf42NoGTjLj4Rbe1XCnpFhrA?authuser=0&hl=ar&rclk=1,حضانة كون,2.0,(4),حضانة أطفال,,النرجس,,شمال الرياض
https://www.google.com/maps/place/%D8%AD%D8%B6%D8%A7%D9%86%D8%A9+%D8%AA%D9%88%D8%AA+%D8%AA%D9%81%D8%A7%D8%AD+%D9%84%D8%B6%D9%8A%D8%A7%D9%81%D8%A9+%D8%A7%D9%84%D8%A3%D8%B7%D9%81%D8%A7%D9%84+%D9%81%D8%B1%D8%B9+%D8%A7%D9%84%D9%86%D8%B1%D8%AC%D8%B3%E2%80%AD/data=!4m7!3m6!1s0x3e2efb04d0672be5:0x53c2b4121dffde89!8m2!3d24.8334375!4d46.6794375!16s%2Fg%2F11l70w61y2!19sChIJ5Stn0AT7Lj4Rid7_HRK0wlM?authuser=0&hl=ar&rclk=1,حضانة توت تفاح لضيافة الأطفال فرع النرجس,4.4,(7),مدرسة,055 165 5148,النرجس,https://heylink.me/Appleberry.center/?fbclid=PAAaYBsvh5eGUCgPEw3l4c6NXUCm-yaaWqcc00wHrS0rmhYVBAlt97Sc9aVXk_aem_AY3Lv8fqyttRr08NJvK4L1Zi9OXLuX42gdOcBLgFN1AhEcsllJ8XOi0zimOXHArbZJE,شمال الرياض
https://www.google.com/maps/place/%D9%85%D8%B1%D9%83%D8%B2+%D8%B5%D9%81%D9%88%D8%A9+%D8%A7%D9%84%D8%A3%D8%AC%D9%8A%D8%A7%D9%84+%D9%84%D8%B1%D8%B9%D8%A7%D9%8A%D8%A9+%D8%A7%D9%84%D8%A3%D8%B7%D9%81%D8%A7%D9%84%E2%80%AD/data=!4m7!3m6!1s0x3e2ee50056657563:0x65edac80241c4afe!8m2!3d24.8566245!4d46.6539981!16s%2Fg%2F11wbwgcl0t!19sChIJY3VlVgDlLj4R_kocJICs7WU?authuser=0&hl=ar&rclk=1,مركز صفوة الأجيال لرعاية الأطفال,4.3,(6),حضانة أطفال,053 374 9816,النرجس,,شمال الرياض
https://www.google.com/maps/place/%D9%85%D8%AF%D8%A7%D8%B1%D8%B3+%D8%AA%D8%B9%D9%84%D9%85+%D8%A7%D9%84%D8%B9%D8%A7%D9%84%D9%85%D9%8A%D8%A9%E2%80%AD/data=!4m7!3m6!1s0x3e2ee5622480f015:0x9e6c89cd207803d3!8m2!3d24.8623305!4d46.6581993!16s%2Fg%2F11t6ycnwdy!19sChIJFfCAJGLlLj4R0wN4IM2JbJ4?authuser=0&hl=ar&rclk=1,مدارس تعلم العالمية,4.5,(56),حضانة أطفال,057 040 0800,النرجس,http://tallom.edu.sa/,شمال الرياض
https://www.google.com/maps/place/%D9%85%D8%AF%D8%A7%D8%B1%D8%B3+%D8%A7%D9%84%D8%B9%D9%86%D8%A7%D9%8A%D8%A9+%D8%A7%D9%84%D8%A3%D9%87%D9%84%D9%8A%D8%A9%E2%80%AD/data=!4m7!3m6!1s0x3e2ee57dcf90b9ff:0x187fe6205a135dc3!8m2!3d24.8561136!4d46.6559753!16s%2Fg%2F11sk7pwnp5!19sChIJ_7mQz33lLj4Rw10TWiDmfxg?authuser=0&hl=ar&rclk=1,مدارس العناية الأهلية,4.0,(115),حضانة أطفال,053 467 3310,النرجس,https://alenayahschools.com/01/,شمال الرياض
https://www.google.com/maps/place/ccc+%D8%AD%D8%B6%D8%A7%D9%86%D8%A9+%D9%83%D8%B1%D8%B2+%D9%88%D8%AA%D9%88%D8%AA+-+%D9%85%D8%B1%D9%83%D8%B2%E2%80%AD/data=!4m7!3m6!1s0x3e2ee5dd161b7c8d:0xaccb2a1357adbcc3!8m2!3d24.8178904!4d46.6662212!16s%2Fg%2F11tj6hmrd0!19sChIJjXwbFt3lLj4Rw7ytVxMqy6w?authuser=0&hl=ar&rclk=1,ccc حضانة كرز وتوت - مركز,1.0,(7),رياض أطفال,054 730 9798,النرجس,https://www.instagram.com/karazwotoot,شمال الرياض
https://www.google.com/maps/place/%D8%B1%D9%88%D8%B6%D8%A9+%D8%AD%D9%8A%D8%AA%D8%A7%D9%86+%D8%A7%D9%84%D9%85%D8%B3%D8%AA%D9%82%D8%A8%D9%84+%D8%AD%D8%B6%D8%A7%D9%86%D9%87+%D8%A7%D8%B7%D9%81%D8%A7%D9%84%E2%80%AD/data=!4m7!3m6!1s0x3e2f03e894594f41:0x970a3d3d5bb9e4e6!8m2!3d24.7536459!4d46.7097008!16s%2Fg%2F11vpyyt1j9!19sChIJQU9ZlOgDLz4R5uS5Wz09Cpc?authuser=0&hl=ar&rclk=1,روضة حيتان المستقبل حضانه اطفال,4.7,(42),مؤسسة تعليمية,,النزهة,,شمال الرياض
https://www.google.com/maps/place/%D8%AD%D8%B6%D8%A7%D9%86%D8%A9+%D9%88+%D8%B1%D9%88%D8%B6%D8%A9+%D8%AF%D9%88%D8%AD+%D9%84%D8%B6%D9%8A%D8%A7%D9%81%D8%A9+%D8%A7%D9%84%D8%A7%D8%B7%D9%81%D8%A7%D9%84%E2%80%AD/data=!4m7!3m6!1s0x3e2efd0079dcd571:0x1ecfa6c149e0fc5d!8m2!3d24.7643726!4d46.7046049!16s%2Fg%2F11vk8pzpld!19sChIJcdXceQD9Lj4RXfzgScGmzx4?authuser=0&hl=ar&rclk=1,حضانة و روضة دوح لضيافة الاطفال,4.8,(58),حضانة أطفال,053 847 1091,النزهة,https://leadly.sa/doohcenter,شمال الرياض
https://www.google.com/maps/place/%D9%85%D8%B1%D9%83%D8%B2+%D8%AD%D9%8A%D8%AA%D8%A7%D9%86+%D8%A7%D9%84%D9%85%D8%B3%D8%AA%D9%82%D8%A8%D9%84+%D9%84%D8%B6%D9%8A%D8%A7%D9%81%D8%A9+%D8%A7%D9%84%D8%A7%D8%B7%D9%81%D8%A7%D9%84%E2%80%AD/data=!4m7!3m6!1s0x3e2f030059ed6269:0xfcccbed76a7f7d5e!8m2!3d24.7538228!4d46.7096752!16s%2Fg%2F11y2cv3gg8!19sChIJaWLtWQADLz4RXn1_ate-zPw?authuser=0&hl=ar&rclk=1,مركز حيتان المستقبل لضيافة الاطفال,4.8,(37),حضانة أطفال,054 143 3369,النزهة,,شمال الرياض
https://www.google.com/maps/place/%D8%AD%D8%B6%D8%A7%D9%86%D9%87+LEADERS+CLOUD%E2%80%AD/data=!4m7!3m6!1s0x3e2efd9a13ad6985:0xcd481ce1637fcb9c!8m2!3d24.7594298!4d46.7082568!16s%2Fg%2F11s7bcdj3d!19sChIJhWmtE5r9Lj4RnMt_Y-EcSM0?authuser=0&hl=ar&rclk=1,حضانه LEADERS CLOUD,3.6,(38),حضانة أطفال,053 779 9626,النزهة,https://salla.sa/leaders-cloud-by-lttle-princes,شمال الرياض
https://www.google.com/maps/place/%D8%AC%D8%AF%D8%A9+%D8%A7%D9%84%D8%A7%D8%AC%D8%A7%D9%88%D9%8A%D8%AF%E2%80%AD/data=!4m7!3m6!1s0x3e2efdbe7d523e69:0x7b19f80447086883!8m2!3d24.7649308!4d46.7050523!16s%2Fg%2F11vl0wvr8k!19sChIJaT5Sfb79Lj4Rg2gIRwT4GXs?authuser=0&hl=ar&rclk=1,جدة الاجاويد,,,حضانة أطفال,,النزهة,,شمال الرياض
https://www.google.com/maps/place/%D9%85%D8%B1%D9%83%D8%B2+%D8%AA%D9%83%D9%88%D9%8A%D9%86+%D9%84%D8%B6%D9%8A%D8%A7%D9%81%D8%A9+%D8%A7%D9%84%D8%A3%D8%B7%D9%81%D8%A7%D9%84+%D9%81%D8%B1%D8%B9+%D8%A7%D9%84%D9%86%D8%AE%D9%8A%D9%84%E2%80%AD/data=!4m7!3m6!1s0x3e2ee3540d7904fb:0xf6bac00e436ed0d7!8m2!3d24.7465789!4d46.6473487!16s%2Fg%2F11jzb4295h!19sChIJ-wR5DVTjLj4R19BuQw7AuvY?authuser=0&hl=ar&rclk=1,مركز تكوين لضيافة الأطفال فرع النخيل,4.7,(88),حضانة أطفال,055 051 3004,النخيل,,شمال الرياض
https://www.google.com/maps/place/%D9%85%D8%B1%D9%83%D8%B2+%D8%A8%D8%B1%D8%A7%D8%B9%D9%85+%D8%A7%D9%84%D9%86%D8%AE%D9%8A%D9%84+%D9%84%D9%84%D8%A3%D8%B7%D9%81%D8%A7%D9%84+-+%D8%A7%D9%84%D9%86%D8%AE%D9%8A%D9%84%E2%80%AD/data=!4m7!3m6!1s0x3e2ee2184473d8fd:0xb18e0792626e11af!8m2!3d24.735474!4d46.6013979!16s%2Fg%2F1ptx88_xk!19sChIJ_dhzRBjiLj4RrxFuYpIHjrE?authuser=0&hl=ar&rclk=1,مركز براعم النخيل للأطفال - النخيل,3.7,(134),مركز لرعاية الأطفال,056 669 1651,النخيل,,شمال الرياض
https://www.google.com/maps/place/%D8%AD%D8%B6%D8%A7%D9%86%D8%A9+%D9%88%D9%82%D8%AA+%D8%A7%D9%84%D8%B9%D9%84%D9%85%E2%80%AD/data=!4m7!3m6!1s0x3e2ee3c762a8c6bb:0xc4c426c652d00f9c!8m2!3d24.7390353!4d46.6334965!16s%2Fg%2F11qbfgh80q!19sChIJu8aoYsfjLj4RnA_QUsYmxMQ?authuser=0&hl=ar&rclk=1,حضانة وقت العلم,4.4,(26),مدرسة,050 319 3900,النخيل,,شمال الرياض
https://www.google.com/maps/place/%D9%85%D8%B1%D9%83%D8%B2+%D8%A7%D9%84%D9%88%D8%A7%D9%86+%D8%A7%D9%84%D8%B1%D8%A8%D9%8A%D8%B9+%D9%84%D8%B6%D9%8A%D8%A7%D9%81%D8%A9+%D8%A7%D9%84%D8%A3%D8%B7%D9%81%D8%A7%D9%84%E2%80%AD/data=!4m7!3m6!1s0x3e2ee3df5cfd989d:0x5f3997ed71550031!8m2!3d24.7960803!4d46.6585804!16s%2Fg%2F11r_n4zhv6!19sChIJnZj9XN_jLj4RMQBVce2XOV8?authuser=0&hl=ar&rclk=1,مركز الوان الربيع لضيافة الأطفال,4.6,(46),حضانة أطفال,053 641 6797,الربيع,,شمال الرياض
https://www.google.com/maps/place/Success+International+School/data=!4m7!3m6!1s0x3e2efcb2d5fcfa7b:0xdcc06b5350709f13!8m2!3d24.8072542!4d46.6707093!16s%2Fg%2F11cn5n4rt2!19sChIJe_r81bL8Lj4RE59wUFNrwNw?authuser=0&hl=ar&rclk=1,Success International School,4.2,(157),حضانة أطفال,053 883 6777,الربيع,http://sisksa.net/,شمال الرياض
https://www.google.com/maps/place/%D9%85%D8%B1%D9%83%D8%B2+%D8%AF%D8%A7%D9%86%D8%A9+%D8%A7%D9%84%D8%A7%D9%81%D9%83%D8%A7%D8%B1+%D9%84%D8%B6%D9%8A%D8%A7%D9%81%D8%A9+%D8%A7%D9%84%D8%A7%D8%B7%D9%81%D8%A7%D9%84%E2%80%AD/data=!4m7!3m6!1s0x8df92c03b70d46d5:0xb2d7e3caa602fdf4!8m2!3d24.8000647!4d46.6619866!16s%2Fg%2F11w2h5q605!19sChIJ1UYNtwMs-Y0R9P0Cpsrj17I?authuser=0&hl=ar&rclk=1,مركز دانة الافكار لضيافة الاطفال,5.0,(22),حضانة أطفال,053 440 5888,الربيع,https://linktr.ee/danahalafkar?utm_source=linktree_admin_share,شمال الرياض
https://www.google.com/maps/place/%D9%85%D8%B1%D9%83%D8%B2+%D8%A8%D8%B1%D8%A7%D8%B9%D9%85+%D8%A7%D9%84%D9%86%D8%AE%D9%8A%D9%84+%D9%84%D9%84%D8%A7%D8%B7%D9%81%D8%A7%D9%84%E2%80%AD/data=!4m7!3m6!1s0x3e2efd899ec6ebfd:0x7d370757fc2e8710!8m2!3d24.7997988!4d46.6738841!16s%2Fg%2F11l77wt2wl!19sChIJ_evGnon9Lj4REIcu_FcHN30?authuser=0&hl=ar&rclk=1,مركز براعم النخيل للاطفال,4.4,(16),حضانة أطفال,055 267 2441,الربيع,https://braemalnakheel.sa/,شمال الرياض
https://www.google.com/maps/place/%D9%85%D8%AF%D8%A7%D8%B1%D8%B3+%D8%B1%D9%8A%D8%A7%D8%B6+%D8%A7%D9%84%D8%A3%D9%86%D8%B7%D9%84%D8%A7%D9%82%D8%A9+-+%D9%81%D8%B1%D8%B9+%D8%A7%D9%84%D8%B1%D8%A8%D9%8A%D8%B9%E2%80%AD/data=!4m7!3m6!1s0x3e2ee34091beeaad:0xb4d0720a7a7bdf99!8m2!3d24.7949835!4d46.654467!16s%2Fg%2F11c1sk10q4!19sChIJreq-kUDjLj4Rmd97egpy0LQ?authuser=0&hl=ar&rclk=1,مدارس رياض الأنطلاقة - فرع الربيع,4.6,(67),مدرسة,059 647 3786,الربيع,http://intilakaschools.com/,شمال الرياض
https://www.google.com/maps/place/%D8%B3%D8%A8%D8%B9%D8%A9+%D8%B5%D8%A8%D8%A7%D8%AD%D9%8B%D8%A7+%D9%84%D8%B6%D9%8A%D8%A7%D9%81%D8%A9+%D8%A7%D9%84%D8%A3%D8%B7%D9%81%D8%A7%D9%84%E2%80%AD/data=!4m7!3m6!1s0x3e2ee57723d2c17d:0x8e13411609d7f28!8m2!3d24.8120575!4d46.6380265!16s%2Fg%2F11ss9rsnjh!19sChIJfcHSI3flLj4RKH-dYBE04Qg?authuser=0&hl=ar&rclk=1,سبعة صباحًا لضيافة الأطفال,4.5,(79),رياض أطفال,050 192 7819,الصحافة,https://instagram.com/7am_kids?igshid=YmMyMTA2M2Y=,شمال الرياض
https://www.google.com/maps/place/%D8%AD%D8%B6%D8%A7%D9%86%D8%A9+%D8%AA%D8%B7%D9%88%D8%B1+%D8%A7%D9%84%D8%B7%D9%81%D9%84%E2%80%AD/data=!4m7!3m6!1s0x3e2ee381ea3881cf:0x243e0a91d397b434!8m2!3d24.788532!4d46.6428817!16s%2Fg%2F11fp1dmrdf!19sChIJz4E46oHjLj4RNLSX05EKPiQ?authuser=0&hl=ar&rclk=1,حضانة تطور الطفل,4.3,(95),حضانة,058 371 1509,الصحافة,https://www.instagram.com/child.development.center?igsh=cWd5aTh6Mnc1MXN5,شمال الرياض
https://www.google.com/maps/place/%D8%A7%D9%84%D8%A8%D9%84%D8%AF%D8%A9+%D8%A7%D9%84%D8%B5%D8%BA%D9%8A%D8%B1%D8%A9+%D9%84%D8%B6%D9%8A%D8%A7%D9%81%D8%A9+%D8%A7%D9%84%D8%A3%D8%B7%D9%81%D8%A7%D9%84+%7C+Tiny+town+Daycare%E2%80%AD/data=!4m7!3m6!1s0x3e2ee5bee6a27e25:0xa9d854b21358b30e!8m2!3d24.8102152!4d46.6326564!16s%2Fg%2F11wfqg3nl8!19sChIJJX6i5r7lLj4RDrNYE7JU2Kk?authuser=0&hl=ar&rclk=1,البلدة الصغيرة لضيافة الأطفال | Tiny town Daycare,5.0,(28),حضانة أطفال,050 248 2334,الصحافة,,شمال الرياض
https://www.google.com/maps/place/%D9%85%D8%B1%D9%83%D8%B2+%D8%A8%D9%8A%D8%AA%D9%8A+%D8%A7%D9%84%D8%B5%D8%BA%D9%8A%D8%B1+%D9%84%D8%AD%D8%B6%D8%A7%D9%86%D8%A9+%D8%A7%D9%84%D8%A3%D8%B7%D9%81%D8%A7%D9%84+My+Little+Home+Daycare%E2%80%AD/data=!4m7!3m6!1s0x3e2ee3a0d0b59339:0x7630c9e88464fa51!8m2!3d24.8069717!4d46.6427663!16s%2Fg%2F11y3rqf5k4!19sChIJOZO10KDjLj4RUfpkhOjJMHY?authuser=0&hl=ar&rclk=1,مركز بيتي الصغير لحضانة الأطفال My Little Home Daycare,5.0,(28),حضانة أطفال,055 509 6129,الصحافة,https://mylittlehome.edu.sa/,شمال الرياض
https://www.google.com/maps/place/%D9%85%D8%B1%D9%83%D8%B2+%D9%83%D9%88%D8%A7%D9%83%D8%A8+%D9%85%D8%B6%D9%8A%D8%A6%D8%A9+%D9%84%D8%B6%D9%8A%D8%A7%D9%81%D8%A9+%D8%A7%D9%84%D8%A7%D8%B7%D9%81%D8%A7%D9%84+Luminous+Planet+Center%E2%80%AD/data=!4m7!3m6!1s0x3e2ee3ae6b0379cf:0xb356e3fa57f85af4!8m2!3d24.7834336!4d46.6432233!16s%2Fg%2F11tmrd_ylc!19sChIJz3kDa67jLj4R9Fr4V_rjVrM?authuser=0&hl=ar&rclk=1,مركز كواكب مضيئة لضيافة الاطفال Luminous Planet Center,4.3,(29),حضانة أطفال,055 803 4533,الصحافة,,شمال الرياض
https://www.google.com/maps/place/%D8%B1%D9%88%D8%B6%D8%A9+%D8%A7%D9%84%D8%A8%D8%B1%D8%A7%D8%B9%D9%85+%28+%D8%AF%D8%A7%D8%B1+%D9%86%D9%88%D8%B1%D9%87+%D8%A7%D9%84%D8%BA%D9%86%D8%A7%D9%85+%29%E2%80%AD/data=!4m7!3m6!1s0x3e2ee3aabbed6d7d:0xaea1da26f54f4b4!8m2!3d24.8057118!4d46.6454288!16s%2Fg%2F11dym3y2t4!19sChIJfW3tu6rjLj4RtPRUb6Id6go?authuser=0&hl=ar&rclk=1,روضة البراعم ( دار نوره الغنام ),4.4,(38),مدرسة,050 338 0223,الصحافة,,شمال الرياض
https://www.google.com/maps/place/%D8%AD%D8%B6%D8%A7%D9%86%D8%A9+%D8%A7%D9%84%D9%85%D8%B8%D9%84%D8%A9+%D8%A7%D9%84%D8%B5%D8%BA%D9%8A%D8%B1%D8%A9%E2%80%AD/data=!4m7!3m6!1s0x3e2f037f89aa1a23:0x82f7585f2b211ece!8m2!3d24.7009021!4d46.7120529!16s%2Fg%2F11h3nndmb0!19sChIJIxqqiX8DLz4Rzh4hK19Y94I?authuser=0&hl=ar&rclk=1,حضانة المظلة الصغيرة,4.3,(50),حضانة أطفال,056 622 2050,السليمانية,,شمال الرياض
https://www.google.com/maps/place/%D9%85%D8%B1%D9%83%D8%B2+%D9%82%D9%84%D8%A8+%D8%A3%D9%85+%D9%84%D8%AD%D8%B6%D8%A7%D9%86%D8%A9+%D8%A7%D9%84%D8%A3%D8%B7%D9%81%D8%A7%D9%84%E2%80%AD/data=!4m7!3m6!1s0x3e2f03a6b76287f3:0x38021cddce035a32!8m2!3d24.7061755!4d46.7130063!16s%2Fg%2F11gfnfz24t!19sChIJ84dit6YDLz4RMloDzt0cAjg?authuser=0&hl=ar&rclk=1,مركز قلب أم لحضانة الأطفال,4.3,(42),حضانة أطفال,055 830 4249,السليمانية,,شمال الرياض
https://www.google.com/maps/place/%D8%A7%D9%84%D8%A8%D8%B1%D8%A7%D8%B9%D9%85+%D8%A7%D9%84%D9%85%D8%AA%D9%85%D9%8A%D8%B2%D9%88%D9%86%E2%80%AD/data=!4m7!3m6!1s0x3e2f031b9e50eef7:0xa4628cbf10f3c67e!8m2!3d24.7085253!4d46.6974074!16s%2Fg%2F11b75jc3r9!19sChIJ9-5QnhsDLz4RfsbzEL-MYqQ?authuser=0&hl=ar&rclk=1,البراعم المتميزون,4.4,(31),مدرسة,055 631 4601,السليمانية,,شمال الرياض
https://www.google.com/maps/place/%D8%B1%D9%88%D8%B6%D9%87+%D9%85%D8%AF%D9%8A%D9%86%D9%87+%D8%A7%D9%84%D8%A3%D9%85%D9%8A%D8%B1+%D8%B3%D9%84%D8%B7%D8%A7%D9%86%E2%80%AD/data=!4m7!3m6!1s0x3e2f038df98e328f:0x73f17e933a6a1761!8m2!3d24.7016169!4d46.7034857!16s%2Fg%2F11h04lgn8p!19sChIJjzKO-Y0DLz4RYRdqOpN-8XM?authuser=0&hl=ar&rclk=1,روضه مدينه الأمير سلطان,3.4,(20),رياض أطفال,055 997 3123,السليمانية,,شمال الرياض
https://www.google.com/maps/place/%D9%85%D8%B1%D9%83%D8%B2+%D8%A7%D9%84%D8%B7%D9%81%D9%84+%D8%A7%D9%84%D8%B5%D8%BA%D9%8A%D8%B1+%D9%84%D8%B6%D9%8A%D8%A7%D9%81%D8%A9+%D8%A7%D8%B7%D9%81%D8%A7%D9%84+%D8%A7%D9%84%D9%85%D9%86%D8%AA%D8%B3%D9%88%D8%B1%D9%8A%E2%80%AD/data=!4m7!3m6!1s0x15c3cdacf475953f:0xf4ae2b357a4f2752!8m2!3d21.5070684!4d39.2524715!16s%2Fg%2F11fnh__765!19sChIJP5V19KzNwxURUidPejUrrvQ?authuser=0&hl=ar&rclk=1,مركز الطفل الصغير لضيافة اطفال المنتسوري,4.7,(288),حضانة أطفال,056 055 5793,السليمانية,,شمال الرياض
https://www.google.com/maps/place/PSMMC+Nursery+and+kindergarten+%D8%A7%D9%84%D8%AD%D8%B6%D8%A7%D9%86%D8%A9+%D9%88%D8%A7%D9%84%D8%B1%D9%88%D8%B6%D8%A9%E2%80%AD/data=!4m7!3m6!1s0x3e2f030c1a3461d9:0xb4b6ff0431bfae89!8m2!3d24.7014196!4d46.7036129!16s%2Fg%2F11f_f_hycy!19sChIJ2WE0GgwDLz4Ria6_MQT_trQ?authuser=0&hl=ar&rclk=1,PSMMC Nursery and kindergarten الحضانة والروضة,2.7,(7),مدرسة,,السليمانية,,شمال الرياض
https://www.google.com/maps/place/%D9%85%D8%B1%D9%83%D8%B2+%D8%A7%D9%84%D9%82%D8%B1%D9%8A%D8%A9+%D8%A7%D9%84%D8%B5%D8%BA%D9%8A%D8%B1%D8%A9+%D9%84%D8%B6%D9%8A%D8%A7%D9%81%D8%A9+%D8%A7%D9%84%D8%A7%D8%B7%D9%81%D8%A7%D9%84%E2%80%AD/data=!4m7!3m6!1s0x3e2efd858bff97a3:0x547d28dfbae89ee!8m2!3d24.7764289!4d46.6983841!16s%2Fg%2F11j0_rt8tq!19sChIJo5f_i4X9Lj4R7omu-43SRwU?authuser=0&hl=ar&rclk=1,مركز القرية الصغيرة لضيافة الاطفال,4.0,(82),حضانة أطفال,055 087 2550,التعاون,http://linktr.ee/littlevillageksa,شمال الرياض
https://www.google.com/maps/place/%D8%A7%D9%84%D8%B1%D9%88%D8%B6%D8%A9+140%E2%80%AD/data=!4m7!3m6!1s0x3e2efd708c8c5cad:0xeb5224f7511cb482!8m2!3d24.7787358!4d46.7045025!16s%2Fg%2F11fhnhs8lw!19sChIJrVyMjHD9Lj4RgrQcUfckUus?authuser=0&hl=ar&rclk=1,الروضة 140,4.2,(25),رياض أطفال,055 529 6648,التعاون,http://www.moe.gov.sa/,شمال الرياض
https://www.google.com/maps/place/%D8%A7%D9%84%D8%B1%D9%88%D8%B6%D8%A9+%D9%A1%D9%A6%D9%A1+%D8%A8%D8%AD%D9%8A+%D8%A7%D9%84%D8%AA%D8%B9%D8%A7%D9%88%D9%86%E2%80%AD/data=!4m7!3m6!1s0x3e2efde1bb59c593:0x45904d6f8bec02d7!8m2!3d24.7717489!4d46.6913512!16s%2Fg%2F11fkw76673!19sChIJk8VZu-H9Lj4R1wLsi29NkEU?authuser=0&hl=ar&rclk=1,الروضة ١٦١ بحي التعاون,4.5,(23),مدرسة,,التعاون,,شمال الرياض
https://www.google.com/maps/place/%D8%AD%D8%B6%D8%A7%D9%86%D8%A9+%D8%A7%D9%84%D9%86%D9%85%D9%88+%D8%A7%D9%84%D8%A2%D9%85%D9%86%E2%80%AD/data=!4m7!3m6!1s0x3e2efdc03255d017:0x8317460a4543bbfe!8m2!3d24.7666326!4d46.7029255!16s%2Fg%2F11rmnjxbhm!19sChIJF9BVMsD9Lj4R_rtDRQpGF4M?authuser=0&hl=ar&rclk=1,حضانة النمو الآمن,4.3,(26),حضانة,050 931 9373,التعاون,,شمال الرياض
https://www.google.com/maps/place/%D8%A7%D9%84%D9%85%D9%87%D8%A7%D8%B1%D8%A9+%D8%A7%D9%84%D8%A3%D9%88%D9%84%D9%89+%D9%84%D8%AD%D8%B6%D8%A7%D9%86%D8%A9+%D8%A7%D9%84%D8%A3%D8%B7%D9%81%D8%A7%D9%84%E2%80%AD/data=!4m7!3m6!1s0x3e2efdd75f9d0b7b:0xdd3d209ab710cafd!8m2!3d24.768646!4d46.7038226!16s%2Fg%2F11v3qnjzt4!19sChIJewudX9f9Lj4R_coQt5ogPd0?authuser=0&hl=ar&rclk=1,المهارة الأولى لحضانة الأطفال,4.0,(4),حضانة أطفال,,التعاون,,شمال الرياض
https://www.google.com/maps/place/%D9%85%D8%B1%D9%83%D8%B2+%D8%A5%D8%B6%D8%A7%D8%A1%D8%A7%D8%AA+%D9%84%D8%B6%D9%8A%D8%A7%D9%81%D8%A9+%D8%A7%D9%84%D8%A3%D8%B7%D9%81%D8%A7%D9%84%E2%80%AD/data=!4m7!3m6!1s0x3e2efdf3ccd13159:0xe2eb614daf8606e0!8m2!3d24.7866932!4d46.6915131!16s%2Fg%2F11gsb6jzcr!19sChIJWTHRzPP9Lj4R4AaGr01h6-I?authuser=0&hl=ar&rclk=1,مركز إضاءات لضيافة الأطفال,4.4,(57),حضانة أطفال,055 216 8881,الوادي,https://mssg.me/1p9b0,شمال الرياض
https://www.google.com/maps/place/%D9%85%D8%B1%D9%83%D8%B2+%D8%A8%D8%B3%D9%85%D8%A7%D8%AA+%D8%A7%D9%84%D8%B7%D9%81%D9%88%D9%84%D8%A9+%D9%84%D8%B6%D9%8A%D8%A7%D9%81%D8%A9+%D8%A7%D9%84%D8%A7%D8%B7%D9%81%D8%A7%D9%84+%D8%A7%D9%84%D8%A3%D9%87%D9%84%D9%8A%D8%A9%E2%80%AD/data=!4m7!3m6!1s0x3e2efcde3aa6054b:0x2019f1dc0158fc59!8m2!3d24.7971513!4d46.697076!16s%2Fg%2F11f5bx6pjv!19sChIJSwWmOt78Lj4RWfxYAdzxGSA?authuser=0&hl=ar&rclk=1,مركز بسمات الطفولة لضيافة الاطفال الأهلية,4.4,(92),حضانة أطفال,050 718 0200,الوادي,https://basamat.mtcsa.website/,شمال الرياض
https://www.google.com/maps/place/%D8%B3%D8%AD%D8%A7%D8%A8%D8%A9+%D8%B7%D9%81%D9%84%D9%8A+%D9%84%D8%AD%D8%B6%D8%A7%D9%86%D8%A9+%D8%A7%D9%84%D8%A7%D8%B7%D9%81%D8%A7%D9%84%E2%80%AD/data=!4m7!3m6!1s0x3e2efd4ffe41a1a5:0xf7c007bff263d431!8m2!3d24.7959375!4d46.6918125!16s%2Fg%2F11gw2rc1gs!19sChIJpaFB_k_9Lj4RMdRj8r8HwPc?authuser=0&hl=ar&rclk=1,سحابة طفلي لحضانة الاطفال,4.5,(49),حضانة,059 314 7715,الوادي,https://instagram.com/mychildcloud?igshid=NTc4MTIwNjQ2YQ==,شمال الرياض
https://www.google.com/maps/place/%D8%A7%D9%84%D8%B1%D9%88%D8%B6%D8%A9+141+%D8%A8%D8%AD%D9%8A+%D8%A7%D9%84%D9%88%D8%A7%D8%AF%D9%8A%E2%80%AD/data=!4m7!3m6!1s0x3e2efdfdde0a988b:0x397d181a4101054a!8m2!3d24.7900592!4d46.6881029!16s%2Fg%2F11h6m85f7z!19sChIJi5gK3v39Lj4RSgUBQRoYfTk?authuser=0&hl=ar&rclk=1,الروضة 141 بحي الوادي,3.9,(29),رياض أطفال,,الوادي,,شمال الرياض
https://www.google.com/maps/place/%D8%B1%D9%88%D8%B6%D8%A9+%D8%A3%D8%AC%D9%8A%D8%A7%D9%84+%D8%A7%D9%84%D9%86%D8%AE%D8%A8%D8%A9%E2%80%AD/data=!4m7!3m6!1s0x3e2efcfd2d95a177:0xefbc5d69adb25b61!8m2!3d24.7930131!4d46.6969615!16s%2Fg%2F11b6qfk4fs!19sChIJd6GVLf38Lj4RYVuyrWldvO8?authuser=0&hl=ar&rclk=1,روضة أجيال النخبة,4.4,(108),رياض أطفال,055 347 6476,الوادي,https://twitter.com/dawhattalquran,شمال الرياض
https://www.google.com/maps/place/%D9%85%D8%B1%D9%83%D8%B2+%D8%A3%D8%B7%D9%81%D8%A7%D9%84%E2%80%AD/data=!4m7!3m6!1s0x3e2efd7195747661:0x37333fcd9129d9b4!8m2!3d24.7946765!4d46.6926608!16s%2Fg%2F11tf12m2x_!19sChIJYXZ0lXH9Lj4RtNkpkc0_Mzc?authuser=0&hl=ar&rclk=1,مركز أطفال,5.0,(7),حضانة أطفال,,الوادي,,شمال الرياض
https://www.google.com/maps/place/%D9%85%D8%B1%D9%83%D8%B2+%D8%AA%D8%B1%D8%A7%D9%86%D9%8A%D9%85+%D8%A7%D9%84%D8%B7%D9%81%D9%88%D9%84%D8%A9+%D9%84%D8%B6%D9%8A%D8%A7%D9%81%D8%A9+%D8%A7%D9%84%D8%A3%D8%B7%D9%81%D8%A7%D9%84+%D8%A7%D9%84%D8%A3%D9%87%D9%84%D9%8A%D8%A9%E2%80%AD/data=!4m7!3m6!1s0x3e2f1dc3d5e9908f:0x76ad33f0243fcf93!8m2!3d24.725668!4d46.6703946!16s%2Fg%2F11h_zb7rkv!19sChIJj5Dp1cMdLz4Rk88_JPAzrXY?authuser=0&hl=ar&rclk=1,مركز ترانيم الطفولة لضيافة الأطفال الأهلية,3.9,(115),حضانة أطفال,059 805 2823,الورود,https://leadly.sa/taranimcenter?utm_source=googlemaps,شمال الرياض
https://www.google.com/maps/place/%D9%85%D8%B1%D9%83%D8%B2+%D8%A7%D9%84%D9%88%D8%B1%D9%88%D8%AF+%D9%84%D8%B6%D9%8A%D8%A7%D9%81%D8%A9+%D8%A7%D9%84%D8%A3%D8%B7%D9%81%D8%A7%D9%84%E2%80%AD/data=!4m7!3m6!1s0x15c3ce372fb5b283:0x926950343ad28ab3!8m2!3d21.5178057!4d39.2043512!16s%2Fg%2F11f0l4tbs9!19sChIJg7K1LzfOwxURs4rSOjRQaZI?authuser=0&hl=ar&rclk=1,مركز الورود لضيافة الأطفال,4.7,(180),مدرسة,050 221 1864,الورود,,شمال الرياض
https://www.google.com/maps/place/Al-Irfan+International+School/data=!4m7!3m6!1s0x3e2f02c68bedd6e3:0x358bf09b4268f471!8m2!3d24.7242494!4d46.6828231!16s%2Fg%2F11fz9y6_yk!19sChIJ49bti8YCLz4RcfRoQpvwizU?authuser=0&hl=ar&rclk=1,Al-Irfan International School,4.4,(68),حضانة أطفال,058 074 3949,الورود,,شمال الرياض
https://www.google.com/maps/place/Little+Hands+Kindergarten+%D8%AD%D8%B6%D8%A7%D9%86%D8%A9+%D8%AD%D9%86%D8%A7%D9%86+%D8%A7%D9%84%D9%85%D8%B7%D9%8A%D8%B1%D9%8A%E2%80%AD/data=!4m7!3m6!1s0x3e2f0305ff69fac7:0x1c3b90f895ccdcd1!8m2!3d24.7262411!4d46.675379!16s%2Fg%2F11wh6wdbb4!19sChIJx_pp_wUDLz4R0dzMlfiQOxw?authuser=0&hl=ar&rclk=1,Little Hands Kindergarten حضانة حنان المطيري,5.0,(62),مدرسة تعليم عام,053 797 9504,الورود,https://www.facebook.com/share/nzK5xSGVZevqFY8g/,شمال الرياض
https://www.google.com/maps/place/%D8%B6%D9%8A%D8%A7%D9%81%D8%A9+%D8%A3%D8%B7%D9%81%D8%A7%D9%84+%D9%85%D9%86%D8%B2%D9%84%D9%8A%D8%A9+%28+%D9%88%D8%B1%D9%8A%D9%81%29+%D8%A7%D9%84%D8%AA%D8%B9%D9%84%D9%8A%D9%85%D9%8A%D8%A9%E2%80%AD/data=!4m7!3m6!1s0x3e2ee52d60e49225:0x5f539232c8f4e552!8m2!3d24.8233304!4d46.6490094!16s%2Fg%2F11p0ybrkjn!19sChIJJZLkYC3lLj4RUuX0yDKSU18?authuser=0&hl=ar&rclk=1,ضيافة أطفال منزلية ( وريف) التعليمية,5.0,(21),حضانة أطفال,053 214 3126,الياسمين,https://instagram.com/maiamy1122?utm_medium=copy_link,شمال الرياض
https://www.google.com/maps/place/%D8%AD%D8%B6%D8%A7%D9%86%D8%A9+%D9%88+%D8%B1%D9%88%D8%B6%D8%A9+%D8%AA%D9%84%D8%A7%D9%84+%D8%A7%D9%84%D9%85%D8%B1%D8%AD%E2%80%AD/data=!4m7!3m6!1s0x3e2ee5e40d4cf3ff:0x976959aace6a7625!8m2!3d24.8244292!4d46.6220602!16s%2Fg%2F11sg25yhvv!19sChIJ__NMDeTlLj4RJXZqzqpZaZc?authuser=0&hl=ar&rclk=1,حضانة و روضة تلال المرح,4.6,(92),مركز لرعاية الأطفال,054 709 0522,الياسمين,https://telalalmarah.com/,شمال الرياض
https://www.google.com/maps/place/%D9%85%D8%B1%D9%83%D8%B2+%D9%83%D9%88%D9%83%D8%A8+%D8%A7%D9%84%D8%A5%D8%A8%D8%AF%D8%A7%D8%B9+%D9%84%D8%B6%D9%8A%D8%A7%D9%81%D8%A9+%D8%A7%D9%84%D8%A3%D8%B7%D9%81%D8%A7%D9%84+%D8%A7%D9%84%D8%A3%D9%87%D9%84%D9%8A%D8%A9%E2%80%AD/data=!4m7!3m6!1s0x3e2ee505caa87f8b:0x6cefe4cf9b29b538!8m2!3d24.8226615!4d46.6571669!16s%2Fg%2F11pztlbk6w!19sChIJi3-oygXlLj4ROLUpm8_k72w?authuser=0&hl=ar&rclk=1,مركز كوكب الإبداع لضيافة الأطفال الأهلية,4.8,(54),حضانة أطفال,050 924 2846,الياسمين,,شمال الرياض
https://www.google.com/maps/place/%D8%AE%D8%B7%D9%88%D8%A7%D8%AA+%D8%A7%D9%84%D9%86%D9%85%D9%88%E2%80%AD/data=!4m7!3m6!1s0x3e2ee302cc08920d:0x9c61c0ca04a74085!8m2!3d24.8113848!4d46.6621408!16s%2Fg%2F11p035xmtl!19sChIJDZIIzALjLj4RhUCnBMrAYZw?authuser=0&hl=ar&rclk=1,خطوات النمو,4.3,(59),حضانة أطفال,055 933 3454,الياسمين,,شمال الرياض
https://www.google.com/maps/place/%D8%AD%D8%B6%D8%A7%D9%86%D8%A9+%D8%A5%D8%AB%D8%B1%D8%A7%D8%A1+%D8%A7%D9%84%D9%85%D8%B9%D8%B1%D9%81%D8%A9%E2%80%AD/data=!4m7!3m6!1s0x3e2ee3b23275f8bf:0xe0f3729ae8f06838!8m2!3d24.8232814!4d46.6456912!16s%2Fg%2F11rzdgshg9!19sChIJv_h1MrLjLj4ROGjw6Jpy8-A?authuser=0&hl=ar&rclk=1,حضانة إثراء المعرفة,4.1,(94),حضانة أطفال,054 300 8574,الياسمين,,شمال الرياض
https://www.google.com/maps/place/%D9%85%D8%B1%D9%83%D8%B2+%D9%82%D8%B1%D8%A7%D8%AA+%D8%A7%D9%84%D8%A3%D8%B9%D9%8A%D9%86+%D9%84%D8%B6%D9%8A%D8%A7%D9%81%D8%A9+%D8%A7%D9%84%D8%A3%D8%B7%D9%81%D8%A7%D9%84+%D8%A7%D9%84%D8%A3%D9%87%D9%84%D9%8A%D8%A9%E2%80%AD/data=!4m7!3m6!1s0x3e2ee5384b9f28dd:0xc24cbe6ad99cb898!8m2!3d24.8213382!4d46.6290904!16s%2Fg%2F11vd8nzdyc!19sChIJ3SifSzjlLj4RmLic2Wq-TMI?authuser=0&hl=ar&rclk=1,مركز قرات الأعين لضيافة الأطفال الأهلية,4.6,(86),حضانة أطفال,059 597 4390,الياسمين,,شمال الرياض
https://www.google.com/maps/place/%D8%AD%D8%B6%D8%A7%D9%86%D8%A9+%D9%83%D8%B1%D8%B2+%D9%88%D8%AA%D9%88%D8%AA+%D9%84%D8%B6%D9%8A%D8%A7%D9%81%D8%A9+%D8%A7%D9%84%D8%A7%D8%B7%D9%81%D8%A7%D9%84-%D8%A7%D9%84%D9%8A%D8%A7%D8%B3%D9%85%D9%8A%D9%86%E2%80%AD/data=!4m7!3m6!1s0x3e2ee50018868289:0xeb829e2965c31ec2!8m2!3d24.8114463!4d46.6492115!16s%2Fg%2F11vq7knb05!19sChIJiYKGGADlLj4Rwh7DZSmegus?authuser=0&hl=ar&rclk=1,حضانة كرز وتوت لضيافة الاطفال-الياسمين,5.0,(6),حضانة أطفال,054 491 0649,الياسمين,,شمال الرياض
https://www.google.com/maps/place/%D8%AD%D8%B6%D8%A7%D9%86%D8%A9+%D8%B9%D8%A7%D9%84%D9%85+%D8%A7%D9%84%D8%A3%D9%84%D9%88%D8%A7%D9%86%E2%80%AD/data=!4m7!3m6!1s0x3e2ee5847ed6dae3:0xca3040d12f771b00!8m2!3d24.8220596!4d46.6587349!16s%2Fg%2F11v5v3slcy!19sChIJ49rWfoTlLj4RABt3L9FAMMo?authuser=0&hl=ar&rclk=1,حضانة عالم الألوان,4.3,(3),حضانة أطفال,,الياسمين,,شمال الرياض
https://www.google.com/maps/place/%D8%B1%D9%88%D8%B6%D8%A9+%D8%A8%D8%B1%D8%A7%D8%B9%D9%85+%D8%B1%D9%88%D8%A7%D8%AF+%D8%A7%D9%84%D8%AE%D9%84%D9%8A%D8%AC+%D8%A7%D9%84%D8%AF%D9%88%D9%84%D9%8A%D8%A9%E2%80%AD/data=!4m7!3m6!1s0x3e2ee461f75c4503:0xe6047295408289ef!8m2!3d24.8186831!4d46.6320332!16s%2Fg%2F11cms__rck!19sChIJA0Vc92HkLj4R74mCQJVyBOY?authuser=0&hl=ar&rclk=1,روضة براعم رواد الخليج الدولية,3.5,(107),مدرسة,9200 08376,الياسمين,https://www.rowad-alkhaleej.edu.sa/,شمال الرياض
https://www.google.com/maps/place/%D8%B1%D9%88%D8%B6%D8%A9+%D9%88%D8%A7%D9%88%E2%80%AD/data=!4m7!3m6!1s0x3e2ee52ba496719b:0x1441241f8436e580!8m2!3d24.8271872!4d46.6423197!16s%2Fg%2F11swpj3290!19sChIJm3GWpCvlLj4RgOU2hB8kQRQ?authuser=0&hl=ar&rclk=1,روضة واو,3.8,(83),حضانة أطفال,050 930 3630,الياسمين,http://waw.edu.sa/,شمال الرياض
https://www.google.com/maps/place/%D9%83%D9%8A%D9%86%D8%B2%E2%80%AD/data=!4m7!3m6!1s0x3e2ee51ca84cdd4b:0x38715c7cbd2409bb!8m2!3d24.8214129!4d46.6198657!16s%2Fg%2F11rww9mzsb!19sChIJS91MqBzlLj4RuwkkvXxccTg?authuser=0&hl=ar&rclk=1,كينز,4.3,(16),حضانة,055 273 0009,الياسمين,,شمال الرياض
https://www.google.com/maps/place/%D8%B1%D9%88%D8%B6%D8%A9+%D8%A7%D9%84%D9%8A%D8%A7%D8%B3%D9%85%D9%8A%D9%86-%D8%A3%D9%87%D9%84%D9%8A%D8%A9+%D8%AA%D8%AA%D8%A8%D8%B9+%D8%AC%D8%A7%D9%85%D8%B9+%D8%A3%D8%A8%D9%88%D8%AD%D9%8A%D9%85%D8%AF%E2%80%AD/data=!4m7!3m6!1s0x3e2ee4617a9f7d85:0xf980491e30c44881!8m2!3d24.8216716!4d46.6255218!16s%2Fg%2F11cs321sn2!19sChIJhX2femHkLj4RgUjEMB5JgPk?authuser=0&hl=ar&rclk=1,روضة الياسمين-أهلية تتبع جامع أبوحيمد,4.4,(23),مدرسة,055 608 9533,الياسمين,,شمال الرياض
https://www.google.com/maps/place/%D9%85%D8%B1%D9%83%D8%B2+%D8%B9%D8%B5%D8%A7%D9%81%D9%8A%D8%B1+%D8%AD%D8%B7%D9%8A%D9%86%E2%80%AD/data=!4m7!3m6!1s0x3e2ee32932b02545:0x81075a857303fdb4!8m2!3d24.7771226!4d46.6152468!16s%2Fg%2F11t2lb2ypb!19sChIJRSWwMinjLj4RtP0Dc4VaB4E?authuser=0&hl=ar&rclk=1,مركز عصافير حطين,3.8,(40),حضانة أطفال,053 787 5355,حطين,,شمال الرياض
https://www.google.com/maps/place/%D8%AD%D8%B6%D8%A7%D9%86%D8%A9+%D9%85%D8%B8%D9%84%D8%A9+%D8%A7%D9%84%D8%A3%D9%85%D9%84+%D8%A7%D9%84%D9%85%D9%86%D8%B2%D9%84%D9%8A%D9%87%E2%80%AD/data=!4m7!3m6!1s0x3e2ee1e7d47efaf1:0xbcf7d71732ef26b3!8m2!3d24.7735686!4d46.5780824!16s%2Fg%2F11rstp3jmn!19sChIJ8fp-1OfhLj4RsybvMhfX97w?authuser=0&hl=ar&rclk=1,حضانة مظلة الأمل المنزليه,4.8,(22),حضانة أطفال,054 457 3354,حطين,,شمال الرياض
https://www.google.com/maps/place/%D8%AD%D8%B6%D8%A7%D9%86%D8%A9+%D9%85%D8%B5%D8%A7%D8%AF%D8%B1+%D8%A7%D9%84%D8%AA%D8%B9%D9%84%D9%85+%D9%84%D8%B6%D9%8A%D8%A7%D9%81%D8%A9+%D8%A7%D9%84%D8%A7%D8%B7%D9%81%D8%A7%D9%84%E2%80%AD/data=!4m7!3m6!1s0x3e2ee3cdcb476dad:0xc46d8b35b0150050!8m2!3d24.7674883!4d46.6115754!16s%2Fg%2F11wvr9htd8!19sChIJrW1Hy83jLj4RUAAVsDWLbcQ?authuser=0&hl=ar&rclk=1,حضانة مصادر التعلم لضيافة الاطفال,,,حضانة أطفال,056 665 7612,حطين,,شمال الرياض
https://www.google.com/maps/place/%D9%85%D8%B1%D9%83%D8%B2+%D9%86%D9%82%D8%B7%D8%A9+%D9%84%D8%B9%D8%A8+%D9%84%D8%B6%D9%8A%D8%A7%D9%81%D8%A9+%D8%A7%D9%84%D8%A3%D8%B7%D9%81%D8%A7%D9%84%E2%80%AD/data=!4m7!3m6!1s0x3e2ee1e5fd3fa123:0xfca5b0b5ae0fd869!8m2!3d24.776707!4d46.581297!16s%2Fg%2F11h6sb6zqk!19sChIJI6E__eXhLj4RadgPrrWwpfw?authuser=0&hl=ar&rclk=1,مركز نقطة لعب لضيافة الأطفال,4.3,(51),مدرسة,055 195 8140,حطين,,شمال الرياض
https://www.google.com/maps/place/%D8%B1%D9%83%D9%86+%D8%A7%D9%84%D8%B7%D9%81%D9%84+%D8%AD%D8%B6%D8%A7%D9%86%D8%A9+%D9%88%D8%B1%D9%8A%D8%A7%D8%B6+%D8%A3%D8%B7%D9%81%D8%A7%D9%84%E2%80%AD/data=!4m7!3m6!1s0x3e2ee3150ff4c90b:0x2f095f2efef0e924!8m2!3d24.7721072!4d46.6317287!16s%2Fg%2F11t2tz1kwl!19sChIJC8n0DxXjLj4RJOnw_i5fCS8?authuser=0&hl=ar&rclk=1,ركن الطفل حضانة ورياض أطفال,4.5,(43),حضانة أطفال,055 190 9956,حطين,https://childcorner.net/,شمال الرياض
https://www.google.com/maps/place/%D8%AD%D8%B6%D8%A7%D9%86%D8%A9+%D8%A8%D9%8A%D8%AA%D9%8A+%D8%A7%D9%84%D8%AB%D8%A7%D9%86%D9%8A%E2%80%AD/data=!4m7!3m6!1s0x3e2ee3a63ef7f8db:0xe1071b5d52877467!8m2!3d24.7764051!4d46.6285312!16s%2Fg%2F11c2nndr97!19sChIJ2_j3PqbjLj4RZ3SHUl0bB-E?authuser=0&hl=ar&rclk=1,حضانة بيتي الثاني,4.1,(224),حضانة,9200 22756,حطين,https://my2ndhome.com.sa/,شمال الرياض
https://www.google.com/maps/place/%D9%85%D9%84%D8%AA%D9%82%D9%89+%D8%A7%D9%84%D8%A7%D8%B5%D8%AF%D9%82%D8%A7%D8%A1%E2%80%AD/data=!4m7!3m6!1s0x3e2f03d8ac1acebb:0x9dff72b31d98fc2c!8m2!3d24.7542094!4d46.7283099!16s%2Fg%2F11ry331q5p!19sChIJu84arNgDLz4RLPyYHbNy_50?authuser=0&hl=ar&rclk=1,ملتقى الاصدقاء,4.3,(8),حضانة أطفال,,الملك عبدالله,,شمال الرياض
https://www.google.com/maps/place/%D8%AD%D8%B6%D8%A7%D9%86%D8%A9+%D9%85%D8%AD%D8%B7%D8%A9+%D8%A7%D9%84%D8%B7%D9%81%D9%84+%D9%84%D8%B6%D9%8A%D8%A7%D9%81%D8%A9+%D8%A7%D9%84%D8%A7%D8%B7%D9%81%D8%A7%D9%84%E2%80%AD/data=!4m7!3m6!1s0x3e2f016a64d98b75:0x10fd19620dead8b2!8m2!3d24.7738232!4d46.7768327!16s%2Fg%2F11pz674qmt!19sChIJdYvZZGoBLz4RstjqDWIZ_RA?authuser=0&hl=ar&rclk=1,حضانة محطة الطفل لضيافة الاطفال,3.6,(31),حضانة أطفال,,الملك عبدالله,,شمال الرياض
https://www.google.com/maps/place/%D9%82%D8%B1%D8%A9+%D9%84%D8%AD%D8%B6%D8%A7%D9%86%D8%A9+%D8%A7%D9%84%D8%A3%D8%B7%D9%81%D8%A7%D9%84+-+%D9%85%D8%B1%D9%83%D8%B2+%D8%A7%D9%84%D9%85%D9%84%D9%83+%D8%B3%D9%84%D9%85%D8%A7%D9%86+%D8%A7%D9%84%D8%A5%D8%AC%D8%AA%D9%85%D8%A7%D8%B9%D9%8A+%7C+Qurrah+Daycare+-+KSSC%E2%80%AD/data=!4m7!3m6!1s0x3e2f03e4a212bedf:0xbfb54929a5138d97!8m2!3d24.7542428!4d46.7281822!16s%2Fg%2F11ln9g6ch5!19sChIJ374SouQDLz4Rl40TpSlJtb8?authuser=0&hl=ar&rclk=1,قرة لحضانة الأطفال - مركز الملك سلمان الإجتماعي | Qurrah Daycare - KSSC,5.0,(4),مركز لرعاية الأطفال,059 469 6539,الملك عبدالله,https://qurrahdaycare.com.sa/,شمال الرياض
https://www.google.com/maps/place/%D9%85%D8%B1%D9%83%D8%B2+%D9%85%D9%88%D8%B3%D9%88%D8%B9%D8%A9+%D8%A7%D9%84%D8%B7%D9%81%D9%88%D9%84%D8%A9+%D9%84%D8%B6%D9%8A%D8%A7%D9%81%D8%A9+%D8%A7%D9%84%D8%A7%D8%B7%D9%81%D8%A7%D9%84%E2%80%AD/data=!4m7!3m6!1s0x3e28234f85122b13:0xc40d3398f0e3c9eb!8m2!3d24.7451087!4d46.7483427!16s%2Fg%2F11j6zzkhc2!19sChIJEysShU8jKD4R68nj8JgzDcQ?authuser=0&hl=ar&rclk=1,مركز موسوعة الطفولة لضيافة الاطفال,4.6,(170),حضانة أطفال,055 819 5030,الملك عبدالله,https://encykids.sa/,شمال الرياض
https://www.google.com/maps/place/%D8%A7%D9%84%D8%B1%D9%88%D8%B6%D8%A9+135+-+%D8%A7%D9%84%D9%85%D8%AF%D9%8A%D9%86%D8%A9+%D8%A7%D9%84%D8%AC%D8%A7%D9%85%D8%B9%D9%8A%D8%A9+%D9%84%D9%84%D8%B7%D8%A7%D9%84%D8%A8%D8%A7%D8%AA+-+%D8%B1%D9%8A%D8%A7%D8%B6+%D8%A7%D8%B7%D9%81%D8%A7%D9%84%E2%80%AD/data=!4m7!3m6!1s0x3e2f1d7afd3bfce1:0xe97325ad6fbd68ea!8m2!3d24.7244693!4d46.6397075!16s%2Fg%2F11b709v1_6!19sChIJ4fw7_XodLz4R6mi9b60lc-k?authuser=0&hl=ar&rclk=1,الروضة 135 - المدينة الجامعية للطالبات - رياض اطفال,4.5,(35),مدرسة,011 468 3400,الملك عبدالله,http://ksu.edu.sa/,شمال الرياض
https://www.google.com/maps/place/%D8%AD%D8%B6%D8%A7%D9%86%D8%A9+%D8%AA%D9%83%D9%88%D9%8A%D9%86%E2%80%AD/data=!4m7!3m6!1s0x3e2f1d0ac53fc5b5:0x2923830fc7f3a133!8m2!3d24.7098886!4d46.6364747!16s%2Fg%2F11gdd0dx_g!19sChIJtcU_xQodLz4RM6Hzxw-DIyk?authuser=0&hl=ar&rclk=1,حضانة تكوين,4.5,(232),حضانة أطفال,055 818 6020,الملك عبدالله,,شمال الرياض
https://www.google.com/maps/place/%D8%AD%D8%B6%D8%A7%D9%86%D8%A9+%D9%87%D9%8A%D8%A7+%D9%86%D8%A8%D8%AF%D8%A3%E2%80%AD/data=!4m7!3m6!1s0x3e2f03f85bce3e61:0x7dbf4799612724ca!8m2!3d24.6882548!4d46.7291056!16s%2Fg%2F11vcr8n2q1!19sChIJYT7OW_gDLz4RyiQnYZlHv30?authuser=0&hl=ar&rclk=1,حضانة هيا نبدأ,4.9,(30),حضانة أطفال,059 166 4334,الملك عبدالعزيز,,شمال الرياض
https://www.google.com/maps/place/%D9%85%D8%AF%D9%8A%D9%86%D8%A9+%D8%A7%D9%84%D8%B3%D8%B9%D8%A7%D8%AF%D8%A9+%D9%84%D9%84%D8%AA%D8%B1%D9%81%D9%8A%D9%87+-+%D8%AA%D8%B1%D9%81%D9%8A%D9%87+%2B+%D8%AD%D8%B6%D8%A7%D9%86%D9%87%E2%80%AD/data=!4m7!3m6!1s0x3e2f03d7f2fa4963:0x64f6b8d71887ed0c!8m2!3d24.7397998!4d46.6829754!16s%2Fg%2F11tmkzj6gy!19sChIJY0n68tcDLz4RDO2HGNe49mQ?authuser=0&hl=ar&rclk=1,مدينة السعادة للترفيه - ترفيه + حضانه,4.9,(62),حضانة أطفال,056 905 6717,الملك عبدالعزيز,https://www.snapchat.com/add/hc_happiness12?share_id=8aOOJmzepjE&locale=ar-SA,شمال الرياض
https://www.google.com/maps/place/%D8%AD%D8%B6%D8%A7%D9%86%D8%A9+%D8%A8%D8%AF%D8%A7%D9%8A%D8%A7%D8%AA%E2%80%AD/data=!4m7!3m6!1s0x3e2efdfc20424c93:0x6dafb4c99e85e193!8m2!3d24.8384044!4d46.7327235!16s%2Fg%2F11tp5wbqfl!19sChIJk0xCIPz9Lj4Rk-GFnsm0r20?authuser=0&hl=ar&rclk=1,حضانة بدايات,4.4,(68),حضانة,9200 16605,الملك عبدالعزيز,https://bedayaat.com.sa/,شمال الرياض
https://www.google.com/maps/place/%D9%85%D8%AF%D8%B1%D8%B3%D8%A9+%D9%87%D9%86%D8%A7+%D9%84%D9%86%D9%83%D8%A8%D8%B1+%D8%A7%D9%84%D8%B9%D8%A7%D9%84%D9%85%D9%8A%D8%A9+-+%D8%AD%D8%B6%D8%A7%D9%86%D8%A9+%D8%A7%D8%B7%D9%81%D8%A7%D9%84%E2%80%AD/data=!4m7!3m6!1s0x3e2f0288f7221f6f:0x2c977ef28f87399b!8m2!3d24.7443244!4d46.7065719!16s%2Fg%2F11bzz0w024!19sChIJbx8i94gCLz4RmzmHj_J-lyw?authuser=0&hl=ar&rclk=1,مدرسة هنا لنكبر العالمية - حضانة اطفال,4.3,(206),حضانة أطفال,056 970 7257,الملك عبدالعزيز,https://here2grow.edu.sa/,شمال الرياض
https://www.google.com/maps/place/%D8%AD%D8%B6%D8%A7%D9%86%D8%A9+%D8%A8%D9%8A%D8%AA%D9%8A+%D8%A7%D9%84%D8%AB%D8%A7%D9%86%D9%8A%E2%80%AD/data=!4m7!3m6!1s0x3e2f013a0df6a531:0xe7ae493cb0c1fccb!8m2!3d24.713133!4d46.7730203!16s%2Fg%2F11b605mwv7!19sChIJMaX2DToBLz4Ry_zBsDxJruc?authuser=0&hl=ar&rclk=1,حضانة بيتي الثاني,4.7,(467),مركز لرعاية الأطفال,9200 22756,الملك عبدالعزيز,https://my2ndhome.com.sa/,شمال الرياض
https://www.google.com/maps/place/%D8%AD%D8%B6%D8%A7%D9%86%D8%A9+%D8%A7%D9%84%D9%85%D8%B8%D9%84%D8%A9+%D8%A7%D9%84%D8%B5%D8%BA%D9%8A%D8%B1%D8%A9%E2%80%AD/data=!4m7!3m6!1s0x3e2f037f89aa1a23:0x82f7585f2b211ece!8m2!3d24.7009021!4d46.7120529!16s%2Fg%2F11h3nndmb0!19sChIJIxqqiX8DLz4Rzh4hK19Y94I?authuser=0&hl=ar&rclk=1,حضانة المظلة الصغيرة,4.3,(50),حضانة أطفال,056 622 2050,الملك عبدالعزيز,,شمال الرياض
https://www.google.com/maps/place/%D8%A7%D9%84%D8%B4%D8%A7%D9%85%D9%84%D8%A9+%D9%85%D9%88%D9%86%D8%AA%D9%8A%D8%B3%D9%88%D8%B1%D9%8A%E2%80%AD/data=!4m7!3m6!1s0x3e2efd53e3c7a195:0x3b6d2c9cf77e6f7f!8m2!3d24.7500503!4d46.6751741!16s%2Fg%2F1ptxc_dvj!19sChIJlaHH41P9Lj4Rf29-95wsbTs?authuser=0&hl=ar&rclk=1,الشاملة مونتيسوري,4.2,(59),حضانة أطفال,054 628 7529,الملك فهد,,شمال الرياض
https://www.google.com/maps/place/%D8%B1%D9%88%D8%B6%D8%A9+%D8%B3%D9%87%D9%8A%D9%84+%D8%A7%D9%84%D8%B7%D9%81%D9%88%D9%84%D8%A9+%D8%A7%D9%84%D8%A7%D9%87%D9%84%D9%8A%D8%A9%E2%80%AD/data=!4m7!3m6!1s0x3e2f03b6f5ea02fb:0x353ac0e52c5fc781!8m2!3d24.7363878!4d46.6764417!16s%2Fg%2F11vdgn0mym!19sChIJ-wLq9bYDLz4RgcdfLOXAOjU?authuser=0&hl=ar&rclk=1,روضة سهيل الطفولة الاهلية,4.3,(30),رياض أطفال,055 727 3010,الملك فهد,,شمال الرياض
https://www.google.com/maps/place/%D8%B1%D9%88%D8%B6%D8%A9+24%E2%80%AD/data=!4m7!3m6!1s0x3e2efd54cf30d1bb:0x53140d114be9da27!8m2!3d24.7462118!4d46.6711393!16s%2Fg%2F11c5h3pjz5!19sChIJu9Ewz1T9Lj4RJ9rpSxENFFM?authuser=0&hl=ar&rclk=1,روضة 24,3.6,(20),مدرسة,011 263 7218,الملك فهد,,شمال الرياض
https://www.google.com/maps/place/%D8%AD%D8%B6%D8%A7%D9%86%D8%A9+%D9%87%D9%8A%D8%A7+%D9%86%D8%A8%D8%AF%D8%A3%E2%80%AD/data=!4m7!3m6!1s0x3e2f03f85bce3e61:0x7dbf4799612724ca!8m2!3d24.6882548!4d46.7291056!16s%2Fg%2F11vcr8n2q1!19sChIJYT7OW_gDLz4RyiQnYZlHv30?authuser=0&hl=ar&rclk=1,حضانة هيا نبدأ,4.9,(30),حضانة أطفال,059 166 4334,الملك فهد,,شمال الرياض
https://www.google.com/maps/place/%D8%AD%D8%B6%D8%A7%D9%86%D8%A9+%D8%B9%D8%A7%D9%84%D9%85+%D8%A7%D9%84%D9%86%D9%87%D8%A7%D8%B1%E2%80%AD/data=!4m7!3m6!1s0x3e2ee59cbf9bcd23:0x70b068d6bf7643f0!8m2!3d24.8086711!4d46.6137634!16s%2Fg%2F11j0d3ll6h!19sChIJI82bv5zlLj4R8EN2v9ZosHA?authuser=0&hl=ar&rclk=1,حضانة عالم النهار,4.4,(84),حضانة,9200 22756,الملقا,https://instagram.com/mysecondhome?igshid=ftwq9ovq8yr5,شمال الرياض
https://www.google.com/maps/place/%D8%AD%D8%B6%D8%A7%D9%86%D8%A9+%D8%A8%D8%B1%D8%A7%D8%B9%D9%85+%D8%A7%D9%84%D9%85%D9%84%D9%82%D8%A7+%D9%84%D9%84%D8%A7%D8%B7%D9%81%D8%A7%D9%84%E2%80%AD/data=!4m7!3m6!1s0x3e2ee51ace6c9ae9:0x8b08aa95d1f7ccab!8m2!3d24.869457!4d46.6250406!16s%2Fg%2F11mg4y9g6g!19sChIJ6ZpszhrlLj4Rq8z30ZWqCIs?authuser=0&hl=ar&rclk=1,حضانة براعم الملقا للاطفال,4.3,(35),حضانة أطفال,055 310 2234,الملقا,,شمال الرياض
https://www.google.com/maps/place/%D8%AD%D8%B6%D8%A7%D9%86%D8%A9+Almalqa+Village+Nursery%E2%80%AD/data=!4m7!3m6!1s0x3e2ee46d66e55a73:0x215d2b29c61e7bf8!8m2!3d24.8087699!4d46.614185!16s%2Fg%2F11dxlg350k!19sChIJc1rlZm3kLj4R-HsexikrXSE?authuser=0&hl=ar&rclk=1,حضانة Almalqa Village Nursery,3.4,(20),مدرسة,011 260 0080,الملقا,,شمال الرياض
https://www.google.com/maps/place/%D9%85%D8%AF%D8%B1%D8%B3%D8%A9+%D8%B1%D9%88%D8%B6%D8%A9+%D9%88%D8%A7%D8%AD%D8%A9+%D8%A7%D9%84%D8%BA%D8%AF+%D9%81%D8%B1%D8%B9+%D8%A7%D9%84%D9%85%D9%84%D9%82%D8%A7%E2%80%AD/data=!4m7!3m6!1s0x3e2ee5ec95c9a6e3:0xccb943d9a45937dd!8m2!3d24.8043137!4d46.5974517!16s%2Fg%2F11gjs2d7c0!19sChIJ46bJlezlLj4R3TdZpNlDucw?authuser=0&hl=ar&rclk=1,مدرسة روضة واحة الغد فرع الملقا,4.2,(204),مدرسة تعليم خاص,055 886 6025,الملقا,https://instagram.com/wahat_alghad?utm_medium=copy_link,شمال الرياض
https://www.google.com/maps/place/%D9%85%D8%B1%D9%83%D8%B2+%D8%B9%D9%86%D8%A7%D9%82%D9%8A%D8%AF+%D8%A7%D9%84%D8%A3%D9%85%D9%84+%D9%84%D8%B6%D9%8A%D8%A7%D9%81%D8%A9+%D8%A7%D9%84%D8%A3%D8%B7%D9%81%D8%A7%D9%84%E2%80%AD/data=!4m7!3m6!1s0x3e2ee7aaaa716bb5:0xa8b8a265535132fa!8m2!3d24.8026672!4d46.5938295!16s%2Fg%2F11y4554l6v!19sChIJtWtxqqrnLj4R-jJRU2WiuKg?authuser=0&hl=ar&rclk=1,مركز عناقيد الأمل لضيافة الأطفال,4.9,(18),حضانة أطفال,055 941 6927,الملقا,,شمال الرياض
https://www.google.com/maps/place/%D9%85%D8%B1%D9%83%D8%B2+%D8%B1%D8%A7%D9%85%D8%A9+%D8%B6%D9%8A%D8%A7%D9%81%D8%A9+%D8%A7%D9%84%D8%A3%D8%B7%D9%81%D8%A7%D9%84%E2%80%AD/data=!4m7!3m6!1s0x3e2ee38a9fc17847:0x4f999ffd4d8ed5cb!8m2!3d24.7948307!4d46.6208442!16s%2Fg%2F11tnvskbns!19sChIJR3jBn4rjLj4Ry9WOTf2fmU8?authuser=0&hl=ar&rclk=1,مركز رامة ضيافة الأطفال,4.6,(52),رياض أطفال,055 401 7663,الملقا,,شمال الرياض
https://www.google.com/maps/place/Bedayaat+Nursery+Al+Malqa1-%D8%AD%D8%B6%D8%A7%D9%86%D8%A9+%D8%A8%D8%AF%D8%A7%D9%8A%D8%A7%D8%AA+%D8%A7%D9%84%D9%85%D9%84%D9%82%D8%A71%E2%80%AD/data=!4m7!3m6!1s0x3e2ee5eef31451ab:0xb784aeeab7dde70e!8m2!3d24.813499!4d46.6041685!16s%2Fg%2F11n_zq5clc!19sChIJq1EU8-7lLj4RDufdt-quhLc?authuser=0&hl=ar&rclk=1,Bedayaat Nursery Al Malqa1-حضانة بدايات الملقا1,4.2,(51),حضانة أطفال,9200 16605,الملقا,https://bedayaat.com.sa/,شمال الرياض
https://www.google.com/maps/place/Bedayaat+Nursery+Al+Malqa+2-%D8%AD%D8%B6%D8%A7%D9%86%D8%A9+%D8%A8%D8%AF%D8%A7%D9%8A%D8%A7%D8%AA+%D8%A7%D9%84%D9%85%D9%84%D9%82%D8%A7+2%E2%80%AD/data=!4m7!3m6!1s0x3e2ee32753e7af3d:0x5534d8a2c5d6ddd4!8m2!3d24.7977872!4d46.6212681!16s%2Fg%2F11v5fm9qm7!19sChIJPa_nUyfjLj4R1N3WxaLYNFU?authuser=0&hl=ar&rclk=1,Bedayaat Nursery Al Malqa 2-حضانة بدايات الملقا 2,4.6,(20),حضانة,9200 16605,الملقا,https://bedayaat.com.sa/,شمال الرياض
https://www.google.com/maps/place/%D8%B1%D9%88%D8%B6%D8%A9+%D8%A8%D8%B1%D8%A7%D8%B9%D9%85+%D8%B1%D9%88%D8%A7%D8%AF+%D8%A7%D9%84%D8%AE%D9%84%D9%8A%D8%AC+%D8%A7%D9%84%D8%B9%D8%A7%D9%84%D9%85%D9%8A%D8%A9%E2%80%AD/data=!4m7!3m6!1s0x3e2ee19c458a441d:0xd8e06e3870fb7c39!8m2!3d24.7814836!4d46.5808064!16s%2Fg%2F11q2jn_nvg!19sChIJHUSKRZzhLj4ROXz7cDhu4Ng?authuser=0&hl=ar&rclk=1,روضة براعم رواد الخليج العالمية,3.8,(114),مدرسة,9200 08376,الملقا,https://www.rowad-alkhaleej.edu.sa/,شمال الرياض
https://www.google.com/maps/place/%D9%82%D8%B1%D8%A9+%D9%84%D8%AD%D8%B6%D8%A7%D9%86%D8%A9+%D8%A7%D9%84%D8%A3%D8%B7%D9%81%D8%A7%D9%84%E2%80%AD/data=!4m7!3m6!1s0x3e2ee11e79f6237b:0xbb70060ab7ecbc9e!8m2!3d24.7807178!4d46.5834447!16s%2Fg%2F11tf2n3dz4!19sChIJeyP2eR7hLj4RnrzstwoGcLs?authuser=0&hl=ar&rclk=1,قرة لحضانة الأطفال,3.9,(91),مركز لرعاية الأطفال,058 173 2168,الملقا,https://www.qurrahdaycare.com.sa/,شمال الرياض
https://www.google.com/maps/place/%D8%AD%D8%B6%D8%A7%D9%86%D8%A9+%D8%A8%D8%B1%D8%A7%D8%B9%D9%85+%D8%A7%D9%84%D8%A7%D8%B3%D8%AA%D9%83%D8%B4%D8%A7%D9%81+-+%D8%B5%D9%81%D8%A7+%D8%A7%D9%84%D9%85%D9%84%D9%82%D8%A7+%7C+Exploration+Sprouts+Daycare+-+Safa+Al+malqa%E2%80%AD/data=!4m7!3m6!1s0x3e2ee70061f66f93:0x7d3d57e36438b375!8m2!3d24.8040975!4d46.5914494!16s%2Fg%2F11vr2qlgt5!19sChIJk2_2YQDnLj4RdbM4ZONXPX0?authuser=0&hl=ar&rclk=1,حضانة براعم الاستكشاف - صفا الملقا | Exploration Sprouts Daycare - Safa Al malqa,4.8,(22),مركز لرعاية الأطفال,050 142 6242,الملقا,https://linktr.ee/discoverybeginning,شمال الرياض
https://www.google.com/maps/place/%D8%A7%D9%84%D9%85%D9%83%D8%A7%D9%86+%D8%A7%D9%84%D8%A3%D9%81%D8%B6%D9%84+%D9%84%D8%AD%D8%B6%D8%A7%D9%86%D8%A9+%D8%A7%D9%84%D8%A3%D8%B7%D9%81%D8%A7%D9%84%E2%80%AD/data=!4m7!3m6!1s0x3e2ee7a22738b8a3:0x5d78a6b3e17b7b9d!8m2!3d24.8252592!4d46.5910916!16s%2Fg%2F11kpyj349_!19sChIJo7g4J6LnLj4RnXt74bOmeF0?authuser=0&hl=ar&rclk=1,المكان الأفضل لحضانة الأطفال,4.7,(35),حضانة أطفال,054 310 1507,الملقا,,شمال الرياض
https://www.google.com/maps/place/%D8%A7%D9%84%D8%B1%D9%88%D8%B6%D8%A9+%D8%A7%D9%84%D8%AB%D8%A7%D9%84%D8%AB%D8%A9+%D9%88+%D8%A7%D9%84%D8%AB%D9%84%D8%A7%D8%AB%D9%88%D9%86+33%E2%80%AD/data=!4m7!3m6!1s0x3e2ee3fd105f2235:0x208e053671186405!8m2!3d24.7948986!4d46.620124!16s%2Fg%2F11rnmfn27p!19sChIJNSJfEP3jLj4RBWQYcTYFjiA?authuser=0&hl=ar&rclk=1,الروضة الثالثة و الثلاثون 33,4.1,(8),رياض أطفال,,الملقا,,شمال الرياض
https://www.google.com/maps/place/%D9%85%D8%B1%D9%83%D8%B2+%D9%86%D8%A7%D8%B4%D8%A6%D9%88%D9%86+%D8%B6%D9%8A%D8%A7%D9%81%D8%A9+%D8%A7%D9%84%D8%A3%D8%B7%D9%81%D8%A7%D9%84%E2%80%AD/data=!4m7!3m6!1s0x3e2ee5d9a550af7f:0xd074dc4478515c8a!8m2!3d24.8037268!4d46.6207182!16s%2Fg%2F11vldm0vbz!19sChIJf69QpdnlLj4RilxReETcdNA?authuser=0&hl=ar&rclk=1,مركز ناشئون ضيافة الأطفال,4.8,(30),حضانة أطفال,050 577 8195,الملقا,,شمال الرياض
https://www.google.com/maps/place/%D8%B1%D9%88%D8%B6%D8%A9+%D8%A3%D8%B1%D8%B6+%D8%A7%D9%84%D8%B7%D9%81%D9%88%D9%84%D8%A9+%D8%A7%D9%84%D8%A3%D9%87%D9%84%D9%8A%D8%A9%E2%80%AD/data=!4m7!3m6!1s0x3e2ee10015c64931:0x14caec66f561c796!8m2!3d24.7842845!4d46.5858744!16s%2Fg%2F11y2d8s319!19sChIJMUnGFQDhLj4Rlsdh9WbsyhQ?authuser=0&hl=ar&rclk=1,روضة أرض الطفولة الأهلية,4.2,(20),حضانة أطفال,055 103 1515,الملقا,https://www.instagram.com/babyland2_2023?igsh=MTF3anFvbGtpeWE5dw==,شمال الرياض
https://www.google.com/maps/place/%D8%AD%D8%B6%D8%A7%D9%86%D8%A9+%D8%A8%D9%8A%D8%AA%D9%8A+%D8%A7%D9%84%D8%AB%D8%A7%D9%86%D9%8A%E2%80%AD/data=!4m7!3m6!1s0x3e2ee3a63ef7f8db:0xe1071b5d52877467!8m2!3d24.7764051!4d46.6285312!16s%2Fg%2F11c2nndr97!19sChIJ2_j3PqbjLj4RZ3SHUl0bB-E?authuser=0&hl=ar&rclk=1,حضانة بيتي الثاني,4.1,(224),حضانة,9200 22756,الملقا,https://my2ndhome.com.sa/,شمال الرياض
https://www.google.com/maps/place/Stability+Center+-+%D9%85%D8%B1%D9%83%D8%B2+%D8%B3%D8%AA%D8%A7%D8%A8%D9%8A%D9%84%D8%AA%D9%8A%E2%80%AD/data=!4m7!3m6!1s0x3e2ee5000f4a7eb5:0x4cd49b4e66162924!8m2!3d24.8005187!4d46.6005905!16s%2Fg%2F11vr8f6z7t!19sChIJtX5KDwDlLj4RJCkWZk6b1Ew?authuser=0&hl=ar&rclk=1,Stability Center - مركز ستابيلتي,4.9,(70),حضانة أطفال,053 335 8339,الملقا,https://www.instagram.com/stabilityrehab?igsh=MTB2aHhuY2MyZTdzOA==,شمال الرياض
https://www.google.com/maps/place/%D8%B3%D8%A8%D8%A7%D8%B1%D9%83%D9%8A%D8%B2+%D8%A7%D9%83%D8%A7%D8%AF%D9%8A%D9%85%D9%89%E2%80%AD/data=!4m7!3m6!1s0x3e2ee317bfd920f3:0x6f9c26b3c4b8e88f!8m2!3d24.7959572!4d46.6197763!16s%2Fg%2F11g4dpsncb!19sChIJ8yDZvxfjLj4Rj-i4xLMmnG8?authuser=0&hl=ar&rclk=1,سباركيز اكاديمى,2.4,(5),رياض أطفال,055 412 2051,الملقا,,شمال الرياض
https://www.google.com/maps/place/Malqa/data=!4m7!3m6!1s0x3e2ee323d5204ff3:0x71f0db7ce2dc477c!8m2!3d24.7974059!4d46.6254798!16s%2Fg%2F11vj8vxgq8!19sChIJ808g1SPjLj4RfEfc4nzb8HE?authuser=0&hl=ar&rclk=1,Malqa,5.0,(1),حضانة أطفال,,الملقا,,شمال الرياض
https://www.google.com/maps/place/%D8%AD%D8%B6%D8%A7%D9%86%D8%A9+%D8%AD%D9%8A+%D8%A7%D9%84%D9%85%D9%84%D9%82%D8%A7+%D8%A7%D9%84%D9%85%D9%86%D8%B2%D9%84%D9%8A%D8%A9%E2%80%AD/data=!4m7!3m6!1s0x3e2ee1ea532b56cd:0x9f14b8ca72b8265c!8m2!3d24.7845078!4d46.5812872!16s%2Fg%2F11j0tmd09z!19sChIJzVYrU-rhLj4RXCa4csq4FJ8?authuser=0&hl=ar&rclk=1,حضانة حي الملقا المنزلية,,,مدرسة,,الملقا,,شمال الرياض
https://www.google.com/maps/place/%D9%82%D8%B1%D8%A9+%D9%84%D8%AD%D8%B6%D8%A7%D9%86%D8%A9+%D8%A7%D9%84%D8%A3%D8%B7%D9%81%D8%A7%D9%84+-+%D9%85%D8%AC%D9%85%D8%B9+%D8%BA%D8%B1%D9%86%D8%A7%D8%B7%D8%A9+%D8%A7%D9%84%D8%AA%D8%AC%D8%A7%D8%B1%D9%8A+%7C+Qurrah+Daycare+-+Granada+Mall%E2%80%AD/data=!4m7!3m6!1s0x3e2efd2e1106e39b:0x655548d42c3da2c2!8m2!3d24.7809416!4d46.7325787!16s%2Fg%2F11l6sgs8sd!19sChIJm-MGES79Lj4RwqI9LNRIVWU?authuser=0&hl=ar&rclk=1,قرة لحضانة الأطفال - مجمع غرناطة التجاري | Qurrah Daycare - Granada Mall,4.7,(32),مركز لرعاية الأطفال,058 180 9659,صلاح الدين,https://www.googleadservices.com/pagead/aclk?sa=L&ai=DChcSEwiFu4-b_IaMAxWbmoMHHQidHWcYABAAGgJlZg&co=1&gclid=Cj0KCQjwhMq-BhCFARIsAGvo0Ke8CSZ8FfH3Cp6cl2A4UlyKii5kl-Q3Y2Htpr0WPQmie3hMDYTrnQsaAlNoEALw_wcB&ohost=www.google.com&cid=CAESVuD2nkN6RelO9QYWeDJQdynCKwynVuwtJYFN3GLlyE2aREk9zda8LUnQoydR6pJ0kSRiEbL1ePn6ZAo0AukT1fgYpMOPu_KvaBXanqJP8EWy9_VEOqkH&sig=AOD64_2OwG7FRMwGjCwmSF0G6hJMyQxXrA&adurl&q&ctype=99,شمال الرياض
https://www.google.com/maps/place/%D9%85%D8%B1%D9%83%D8%B2+%D9%85%D9%88%D8%B3%D9%88%D8%B9%D8%A9+%D8%A7%D9%84%D8%B7%D9%81%D9%88%D9%84%D8%A9+%D9%84%D8%B6%D9%8A%D8%A7%D9%81%D8%A9+%D8%A7%D9%84%D8%A7%D8%B7%D9%81%D8%A7%D9%84%E2%80%AD/data=!4m7!3m6!1s0x3e28234f85122b13:0xc40d3398f0e3c9eb!8m2!3d24.7451087!4d46.7483427!16s%2Fg%2F11j6zzkhc2!19sChIJEysShU8jKD4R68nj8JgzDcQ?authuser=0&hl=ar&rclk=1,مركز موسوعة الطفولة لضيافة الاطفال,4.6,(170),حضانة أطفال,055 819 5030,صلاح الدين,https://encykids.sa/,شمال الرياض
https://www.google.com/maps/place/%D8%AD%D8%B6%D8%A7%D9%86%D8%A9+%D8%A8%D9%8A%D8%AA%D9%8A+%D8%A7%D9%84%D8%AB%D8%A7%D9%86%D9%8A%E2%80%AD/data=!4m7!3m6!1s0x3e2ee3a63ef7f8db:0xe1071b5d52877467!8m2!3d24.7764051!4d46.6285312!16s%2Fg%2F11c2nndr97!19sChIJ2_j3PqbjLj4RZ3SHUl0bB-E?authuser=0&hl=ar&rclk=1,حضانة بيتي الثاني,4.1,(224),حضانة,9200 22756,صلاح الدين,https://my2ndhome.com.sa/,شمال الرياض
https://www.google.com/maps/place/%D8%AD%D8%B6%D8%A7%D9%86%D8%A9+%D8%A7%D9%84%D9%82%D8%AF%D8%B3%E2%80%AD/data=!4m7!3m6!1s0x3e2f018c6ff36003:0xff19c7e3a3db24a8!8m2!3d24.7571211!4d46.7540719!16s%2Fg%2F11h1vgdcff!19sChIJA2Dzb4wBLz4RqCTbo-PHGf8?authuser=0&hl=ar&rclk=1,حضانة القدس,3.7,(15),مدرسة,055 443 3815,صلاح الدين,,شمال الرياض
https://www.google.com/maps/place/%D8%AD%D8%B6%D8%A7%D9%86%D8%A9+%D8%B9%D8%A7%D9%84%D9%85+%D8%A7%D9%84%D9%86%D9%87%D8%A7%D8%B1%E2%80%AD/data=!4m7!3m6!1s0x3e2ee59cbf9bcd23:0x70b068d6bf7643f0!8m2!3d24.8086711!4d46.6137634!16s%2Fg%2F11j0d3ll6h!19sChIJI82bv5zlLj4R8EN2v9ZosHA?authuser=0&hl=ar&rclk=1,حضانة عالم النهار,4.4,(84),حضانة,9200 22756,صلاح الدين,https://instagram.com/mysecondhome?igshid=ftwq9ovq8yr5,شمال الرياض
https://www.google.com/maps/place/%D9%85%D8%B1%D9%83%D8%B2+%D8%B2%D9%8A%D9%86%D8%A9+%D8%A7%D9%84%D8%AF%D9%86%D9%8A%D8%A7+%D9%84%D8%B6%D9%8A%D8%A7%D9%81%D8%A9+%D8%A7%D9%84%D8%A3%D8%B7%D9%81%D8%A7%D9%84%E2%80%AD/data=!4m7!3m6!1s0x3e2f1f8f4238c0a3:0x42fac61a711b8f87!8m2!3d24.6483097!4d46.5773906!16s%2Fg%2F11qm0hbqb_!19sChIJo8A4Qo8fLz4Rh48bcRrG-kI?authuser=0&hl=ar&rclk=1,مركز زينة الدنيا لضيافة الأطفال,4.5,(107),مدرسة,053 513 4660,صلاح الدين,,شمال الرياض
