url,Name,Rates,Reviews,Type,Phone,Website,Neighborhood,google-symbols,Website.1,direction
https://www.google.com/maps/place/%D8%A2%D9%8A+%D8%A2%D9%85+%D8%B3%D8%A8%D9%8A%D8%B4%D9%84+%D9%84%D9%84%D8%A3%D8%B7%D9%81%D8%A7%D9%84%E2%80%AD/data=!4m7!3m6!1s0x3e2f05877b96fb69:0x9c0f9b307d1dcec7!8m2!3d24.6006828!4d46.6973605!16s%2Fg%2F11hy9qzmtz!19sChIJafuWe4cFLz4Rx84dfTCbD5w?authuser=0&hl=ar&rclk=1,آي آم سبيشل للأطفال,3.9,(95),حضانة أطفال,053 733 3567,https://ssl.gstatic.com/local/servicebusiness/default_user.png,السويدي,,,غرب الرياض
https://www.google.com/maps/place/%D8%A8%D8%B1%D8%A7%D8%B9%D9%85+%D8%A7%D9%84%D9%86%D8%AF%D9%88%D8%A9+%D8%A7%D9%84%D8%A3%D9%87%D9%84%D9%8A%D8%A9%E2%80%AD/data=!4m7!3m6!1s0x3e2f100116734bf7:0x79c5abf973577bc3!8m2!3d24.5855753!4d46.6670187!16s%2Fg%2F11c1sk67cg!19sChIJ90tzFgEQLz4Rw3tXc_mrxXk?authuser=0&hl=ar&rclk=1,براعم الندوة الأهلية,3.9,(65),المركز التعليمي,053 445 6988,,السويدي,,,غرب الرياض
https://www.google.com/maps/place/%D8%B9%D8%A7%D9%84%D9%85+%D9%85%D9%86%D8%AA%D8%B3%D9%88%D8%B1%D9%8A+%D8%B1%D9%88%D8%B6%D8%A9+%D8%AA%D9%85%D9%87%D9%8A%D8%AF%D9%8A+%D8%AD%D8%B6%D8%A7%D9%86%D8%A9%E2%80%AD/data=!4m7!3m6!1s0x3e2f1aa59d0ee34d:0x991e0f58e7331780!8m2!3d24.5936586!4d46.6601539!16s%2Fg%2F11c5751bzt!19sChIJTeMOnaUaLz4RgBcz51gPHpk?authuser=0&hl=ar&rclk=1,عالم منتسوري روضة تمهيدي حضانة,3.7,(70),مدرسة,056 060 6387,https://ssl.gstatic.com/local/servicebusiness/default_user.png,السويدي,,,غرب الرياض
https://www.google.com/maps/place/%D9%85%D8%B1%D9%83%D8%B2+%D8%A7%D8%B3%D9%85%D8%A7%D8%A1+%D8%B9%D8%A8%D8%AF+%D8%A7%D9%84%D9%84%D9%87+%D8%B9%D9%84%D9%8A+%D8%A7%D9%84%D9%82%D9%86%D8%A7%D8%B5+%D9%84%D8%B6%D9%8A%D8%A7%D9%81%D8%A9+%D8%A7%D9%84%D8%A3%D8%B7%D9%81%D8%A7%D9%84+%D8%A7%D9%84%D8%A3%D9%87%D9%84%D9%8A%D8%A9%E2%80%AD/data=!4m7!3m6!1s0x3e2f0565e1325901:0x2ea62b326ad7f569!8m2!3d24.5976165!4d46.6807422!16s%2Fg%2F11p0_gl55n!19sChIJAVky4WUFLz4RafXXajIrpi4?authuser=0&hl=ar&rclk=1,مركز اسماء عبد الله علي القناص لضيافة الأطفال الأهلية,4.6,(15),حضانة أطفال,054 309 6494,https://ssl.gstatic.com/local/servicebusiness/default_user.png,السويدي,,,غرب الرياض
https://www.google.com/maps/place/%D9%85%D8%B1%D9%83%D8%B2+%D8%A8%D8%B1%D8%A7%D8%B9%D9%85+%D8%A7%D9%84%D8%A8%D8%AF%D9%8A%D8%B9%D8%A9+%D9%84%D8%B6%D9%8A%D8%A7%D9%81%D8%A9+%D8%A7%D9%84%D8%A7%D8%B7%D9%81%D8%A7%D9%84+%D8%AC%D8%AF%D9%8A%D8%AF%E2%80%AD/data=!4m7!3m6!1s0x3e2f1bfdbc361ce1:0xd8f3e3442a538677!8m2!3d24.5985285!4d46.6516845!16s%2Fg%2F11p0102df5!19sChIJ4Rw2vP0bLz4Rd4ZTKkTj89g?authuser=0&hl=ar&rclk=1,مركز براعم البديعة لضيافة الاطفال جديد,4.1,(71),حضانة أطفال,050 069 9735,https://ssl.gstatic.com/local/servicebusiness/default_user.png,السويدي,,,غرب الرياض
https://www.google.com/maps/place/%D8%A7%D9%84%D8%B1%D9%88%D8%B6%D8%A9+83+%D8%A8%D8%AD%D9%8A+%D8%A7%D9%84%D8%AF%D8%B1%D9%8A%D9%87%D9%85%D9%8A%D8%A9%E2%80%AD/data=!4m7!3m6!1s0x3e2f0fb470b6549b:0x9886c686d761a9f3!8m2!3d24.5908796!4d46.6950287!16s%2Fg%2F11rj6bzts9!19sChIJm1S2cLQPLz4R86lh14bGhpg?authuser=0&hl=ar&rclk=1,الروضة 83 بحي الدريهمية,4.1,(15),رياض أطفال,011 810 3127,https://ssl.gstatic.com/local/servicebusiness/default_user.png,السويدي,,,غرب الرياض
https://www.google.com/maps/place/%D9%85%D8%B1%D9%83%D8%B2+%D8%A7%D9%84%D9%85%D8%AC%D8%AF+%D9%84%D8%B6%D9%8A%D8%A7%D9%81%D8%A9+%D8%A7%D9%84%D8%A3%D8%B7%D9%81%D8%A7%D9%84+%D8%A7%D9%84%D8%A3%D9%87%D9%84%D9%8A%D8%A9%E2%80%AD/data=!4m7!3m6!1s0x3e2f11841d290925:0x87c2bf76be8d5a8c!8m2!3d24.5763425!4d46.6583325!16s%2Fg%2F11l6vm83w3!19sChIJJQkpHYQRLz4RjFqNvna_woc?authuser=0&hl=ar&rclk=1,مركز المجد لضيافة الأطفال الأهلية,4.6,(64),حضانة أطفال,055 744 3947,https://ssl.gstatic.com/local/servicebusiness/default_user.png,السويدي,,,غرب الرياض
https://www.google.com/maps/place/%D9%85%D8%AF%D8%A7%D8%B1%D8%B3+%D8%B1%D9%88%D8%B6%D8%A9+%D8%A7%D9%84%D9%82%D8%A7%D8%AF%D8%A9+%D8%A7%D9%84%D8%A7%D9%87%D9%84%D9%8A%D8%A9%E2%80%AD/data=!4m7!3m6!1s0x3e2f1ab1e83b403d:0x2ab3c7ae5fa1bed1!8m2!3d24.5984286!4d46.6644611!16s%2Fg%2F11cmyjhxks!19sChIJPUA76LEaLz4R0b6hX67Hsyo?authuser=0&hl=ar&rclk=1,مدارس روضة القادة الاهلية,3.9,(101),مدرسة خاصة,011 426 8182,https://ssl.gstatic.com/local/servicebusiness/default_user.png,السويدي,,,غرب الرياض
https://www.google.com/maps/place/%D9%85%D8%B1%D9%83%D8%B2+%D8%AD%D8%B1%D9%88%D9%81+%D8%A7%D9%84%D8%B7%D9%81%D9%88%D9%84%D8%A9%E2%80%AD/data=!4m7!3m6!1s0x3e2f115f137c2e6b:0x12e0e32a3303f596!8m2!3d24.5788112!4d46.6587283!16s%2Fg%2F11kqw5n0js!19sChIJay58E18RLz4RlvUDMyrj4BI?authuser=0&hl=ar&rclk=1,مركز حروف الطفولة,4.8,(113),رياض أطفال,050 960 0989,https://ssl.gstatic.com/local/servicebusiness/default_user.png,السويدي,,,غرب الرياض
https://www.google.com/maps/place/%D9%85%D8%AF%D8%A7%D8%B1%D8%B3+%D8%B1%D8%A7%D8%A6%D8%AF%D8%A9+%D8%A7%D9%84%D8%AA%D8%B9%D9%84%D9%8A%D9%85+%D8%A7%D9%84%D8%A7%D9%87%D9%84%D9%8A%D8%A9%E2%80%AD/data=!4m7!3m6!1s0x3e2f1ab284b49763:0xb25e80b3c773f5a5!8m2!3d24.6001341!4d46.6695927!16s%2Fg%2F11cs4k2b57!19sChIJY5e0hLIaLz4RpfVzx7OAXrI?authuser=0&hl=ar&rclk=1,مدارس رائدة التعليم الاهلية,3.2,(57),مدرسة,056 068 6522,https://ssl.gstatic.com/local/servicebusiness/default_user.png,السويدي,,,غرب الرياض
https://www.google.com/maps/place/%D9%84%D9%8A%D9%86%D8%AF%D8%A7+%D9%83%D9%8A%D8%AF%D8%B2%E2%80%AD/data=!4m4!3m3!1s0x3e2f11400a1ee67d:0xda8a661a4dd8b7a9!16s%2Fg%2F11rmq0_jnb!19sChIJfeYeCkARLz4RqbfYTRpmito?authuser=0&hl=ar&rclk=1,ليندا كيدز,4.5,(62),رياض أطفال,,https://ssl.gstatic.com/local/servicebusiness/default_user.png,السويدي,,,غرب الرياض
https://www.google.com/maps/place/%D8%B1%D9%88%D8%B6%D8%A9+34%E2%80%AD/data=!4m7!3m6!1s0x3e2f0550aa400001:0xdc55d35a02f4e6ee!8m2!3d24.5986938!4d46.6801164!16s%2Fg%2F11tp7v2gm9!19sChIJAQBAqlAFLz4R7ub0AlrTVdw?authuser=0&hl=ar&rclk=1,روضة 34,3.9,(10),حضانة أطفال,,https://ssl.gstatic.com/local/servicebusiness/default_user.png,السويدي,,,غرب الرياض
https://www.google.com/maps/place/%D8%B1%D9%88%D8%B6%D8%A9+%D8%A7%D9%84%D9%85%D8%A8%D8%AF%D8%B9%D9%88%D9%86+%D8%A7%D9%84%D9%86%D9%85%D9%88%D8%B0%D8%AC%D9%8A%D8%A9%E2%80%AD/data=!4m7!3m6!1s0x3e2f101e2417ba69:0xf156d7b26daa44eb!8m2!3d24.5743632!4d46.6703946!16s%2Fg%2F11c5wnz9mf!19sChIJaboXJB4QLz4R60SqbbLXVvE?authuser=0&hl=ar&rclk=1,روضة المبدعون النموذجية,3.1,(34),مدرسة,056 559 1735,https://ssl.gstatic.com/local/servicebusiness/default_user.png,السويدي,,,غرب الرياض
https://www.google.com/maps/place/%D9%85%D8%B1%D9%83%D8%B2+%D8%A7%D9%84%D8%AC%D9%8A%D9%84+%D8%A7%D9%84%D9%86%D8%A7%D8%AC%D8%AD+%D9%84%D8%B6%D9%8A%D8%A7%D9%81%D8%A9+%D8%A7%D9%84%D8%A3%D8%B7%D9%81%D8%A7%D9%84+%D8%A7%D9%84%D8%A7%D9%87%D9%84%D9%8A%D9%87+%D9%81%D8%B1%D8%B9+%D8%A7%D9%84%D8%B9%D8%B1%D9%8A%D8%AC%D8%A7%D8%A1+%D8%A7%D9%84%D8%BA%D8%B1%D8%A8%D9%8A%E2%80%AD/data=!4m7!3m6!1s0x3e2f1b838e9f41bf:0x26c2ea76638a2eb5!8m2!3d24.5884458!4d46.5975744!16s%2Fg%2F11y41wwzms!19sChIJv0GfjoMbLz4RtS6KY3bqwiY?authuser=0&hl=ar&rclk=1,مركز الجيل الناجح لضيافة الأطفال الاهليه فرع العريجاء الغربي,4.7,(55),رياض أطفال,050 462 5190,,العريجاء,,,غرب الرياض
https://www.google.com/maps/place/%D9%85%D8%B1%D9%83%D8%B2+%D8%B1%D9%88%D8%B9%D8%A9+%D8%A7%D9%84%D8%B7%D9%81%D9%88%D9%84%D8%A9+%D9%84%D8%B6%D9%8A%D8%A7%D9%81%D8%A9+%D8%A7%D9%84%D8%A3%D8%B7%D9%81%D8%A7%D9%84%E2%80%AD/data=!4m7!3m6!1s0x3e2f1978efe85f35:0x40bd100efca170fd!8m2!3d24.6001453!4d46.5866256!16s%2Fg%2F11f101xc62!19sChIJNV_o73gZLz4R_XCh_A4QvUA?authuser=0&hl=ar&rclk=1,مركز روعة الطفولة لضيافة الأطفال,4.3,(114),مدرسة,050 484 0051,https://mobile.twitter.com/rueataltufula,العريجاء,,,غرب الرياض
https://www.google.com/maps/place/%D9%85%D8%B1%D9%83%D8%B2+%D8%A7%D9%84%D8%A3%D9%81%D8%B6%D9%84%E2%80%AD/data=!4m7!3m6!1s0x3e2f1b00034b9bb9:0x61db79c2b5412fad!8m2!3d24.592527!4d46.614592!16s%2Fg%2F11vxwf1_c2!19sChIJuZtLAwAbLz4RrS9BtcJ522E?authuser=0&hl=ar&rclk=1,مركز الأفضل,5.0,(2),حضانة أطفال,054 800 6339,,العريجاء,,,غرب الرياض
https://www.google.com/maps/place/%D9%85%D8%B1%D9%83%D8%B2+%D8%A7%D9%84%D8%B6%D9%8A%D8%A7%D9%81%D8%A9+%D8%A7%D9%84%D8%A3%D9%88%D9%84%D9%89+%D9%84%D9%84%D8%A3%D8%B7%D9%81%D8%A7%D9%84%E2%80%AD/data=!4m7!3m6!1s0x3e2f1b7bca3851b3:0x28fcbcecfbc9f38a!8m2!3d24.6108111!4d46.634268!16s%2Fg%2F11gnr9fd6f!19sChIJs1E4ynsbLz4RivPJ--y8_Cg?authuser=0&hl=ar&rclk=1,مركز الضيافة الأولى للأطفال,4.3,(75),حضانة أطفال,055 785 9080,,العريجاء,,,غرب الرياض
https://www.google.com/maps/place/%D8%AD%D8%B6%D8%A7%D9%86%D8%A9+%D8%AE%D8%B7%D9%88%D8%A7%D8%AA%D9%8A+%D8%A7%D9%84%D8%A3%D9%88%D9%84%D9%89%E2%80%AD/data=!4m7!3m6!1s0x3e2f1bcd878b5b9f:0xbcb47d00efb6aff7!8m2!3d24.5774153!4d46.5962828!16s%2Fg%2F11jykgcyjl!19sChIJn1uLh80bLz4R96-27wB9tLw?authuser=0&hl=ar&rclk=1,حضانة خطواتي الأولى,5.0,(5),مدرسة,050 276 2059,,العريجاء,,,غرب الرياض
https://www.google.com/maps/place/%D8%B1%D9%88%D8%B6%D8%A9+%D8%A8%D8%B1%D8%A7%D8%B9%D9%85+%D8%AF%D8%A7%D8%B1+%D8%A8%D9%84%D9%82%D9%8A%D8%B3%E2%80%AD/data=!4m7!3m6!1s0x3e2f1a4f0ffc6255:0x6b75b88522b78a0c!8m2!3d24.6020774!4d46.6190806!16s%2Fg%2F11c6d_9910!19sChIJVWL8D08aLz4RDIq3IoW4dWs?authuser=0&hl=ar&rclk=1,روضة براعم دار بلقيس,4.2,(33),مدرسة,011 433 1682,http://www.moe.gov.sa/,العريجاء,,,غرب الرياض
https://www.google.com/maps/place/%D8%B1%D9%88%D8%B6%D8%A9+74%E2%80%AD/data=!4m7!3m6!1s0x3e2f1b2ee811162d:0xfbe19577d1afd9cd!8m2!3d24.5925178!4d46.5987225!16s%2Fg%2F11h5vmwdjf!19sChIJLRYR6C4bLz4Rzdmv0XeV4fs?authuser=0&hl=ar&rclk=1,روضة 74,3.6,(21),مدرسة,058 047 4652,,العريجاء,,,غرب الرياض
https://www.google.com/maps/place/%D9%85%D8%B1%D9%83%D8%B2+%D9%88%D8%AD%D8%B6%D8%A7%D9%86%D8%A9+%D8%A7%D9%84%D8%AC%D9%8A%D9%84+%D8%A7%D9%84%D9%86%D8%A7%D8%AC%D8%AD+%D9%81%D8%B1%D8%B9+%D8%A7%D9%84%D8%B7%D9%88%D9%8A%D9%82%E2%80%AD/data=!4m7!3m6!1s0x2fd75923a75c0047:0xeabe271fba790e39!8m2!3d24.5608216!4d46.5390808!16s%2Fg%2F11vc0sm21s!19sChIJRwBcpyNZ1y8ROQ55uh8nvuo?authuser=0&hl=ar&rclk=1,مركز وحضانة الجيل الناجح فرع الطويق,3.9,(22),حضانة أطفال,050 012 2753,,العريجاء,,,غرب الرياض
https://www.google.com/maps/place/%D9%85%D8%B1%D9%83%D8%B2+%D8%A8%D8%B1%D8%A7%D8%B9%D9%85+%D8%A7%D9%84%D8%A8%D8%AF%D9%8A%D8%B9%D8%A9+%D9%84%D8%B6%D9%8A%D8%A7%D9%81%D8%A9+%D8%A7%D9%84%D8%A7%D8%B7%D9%81%D8%A7%D9%84+%D8%AC%D8%AF%D9%8A%D8%AF%E2%80%AD/data=!4m7!3m6!1s0x3e2f1bfdbc361ce1:0xd8f3e3442a538677!8m2!3d24.5985285!4d46.6516845!16s%2Fg%2F11p0102df5!19sChIJ4Rw2vP0bLz4Rd4ZTKkTj89g?authuser=0&hl=ar&rclk=1,مركز براعم البديعة لضيافة الاطفال جديد,4.1,(71),حضانة أطفال,050 069 9735,,العريجاء,,,غرب الرياض
https://www.google.com/maps/place/%D9%85%D8%AF%D8%B1%D8%B3%D9%87+%D9%82%D8%B7%D8%A7%D9%81+%D8%A7%D9%84%D8%BA%D8%AF+%D8%A7%D9%84%D8%A7%D9%87%D9%84%D9%8A%D9%87%E2%80%AD/data=!4m7!3m6!1s0x3e2f1a42543441e9:0x66d9658a8f6fcfb6!8m2!3d24.5932783!4d46.6197676!16s%2Fg%2F11c20sxsp1!19sChIJ6UE0VEIaLz4Rts9vj4pl2WY?authuser=0&hl=ar&rclk=1,مدرسه قطاف الغد الاهليه,4.2,(69),مدرسة,055 506 8681,,العريجاء,,,غرب الرياض
https://www.google.com/maps/place/%D8%BA%D8%B1%D8%A7%D8%B3+%D8%A7%D9%84%D9%8A%D9%88%D9%85+%D8%A7%D9%84%D8%A3%D9%87%D9%84%D9%8A%D8%A9%E2%80%AD/data=!4m7!3m6!1s0x3e2f110464a775a3:0xf46e6b74a395993d!8m2!3d24.5530032!4d46.6363856!16s%2Fg%2F11rwqbf0w0!19sChIJo3WnZAQRLz4RPZmVo3RrbvQ?authuser=0&hl=ar&rclk=1,غراس اليوم الأهلية,4.5,(128),حضانة أطفال,059 984 6235,,العريجاء,,,غرب الرياض
https://www.google.com/maps/place/%D8%A8%D8%B1%D8%A7%D8%B9%D9%85+%D8%A7%D9%84%D9%86%D8%AF%D9%88%D8%A9+%D8%A7%D9%84%D8%A3%D9%87%D9%84%D9%8A%D8%A9%E2%80%AD/data=!4m7!3m6!1s0x3e2f100116734bf7:0x79c5abf973577bc3!8m2!3d24.5855753!4d46.6670187!16s%2Fg%2F11c1sk67cg!19sChIJ90tzFgEQLz4Rw3tXc_mrxXk?authuser=0&hl=ar&rclk=1,براعم الندوة الأهلية,3.9,(65),المركز التعليمي,053 445 6988,https://twitter.com/braem__alnadwa,العريجاء,,,غرب الرياض
https://www.google.com/maps/place/%D9%85%D8%B1%D9%83%D8%B2+%D9%85%D9%88%D9%87%D8%A8%D8%A9+%D8%A7%D9%84%D8%B7%D9%81%D9%88%D9%84%D8%A9%E2%80%AD/data=!4m7!3m6!1s0x3e2f1e7a5793483b:0xd47488e97bd42399!8m2!3d24.6806774!4d46.5853129!16s%2Fg%2F11c47y0qq4!19sChIJO0iTV3oeLz4RmSPUe-mIdNQ?authuser=0&hl=ar&rclk=1,مركز موهبة الطفولة,4.0,(99),رياض أطفال,055 228 0303,,العريجاء,,,غرب الرياض
https://www.google.com/maps/place/%D8%B1%D9%88%D8%B6%D8%A9+%D8%B9%D9%81%D8%B1%D8%A7%D8%A1+%D8%A7%D9%84%D8%A7%D9%86%D8%B5%D8%A7%D8%B1%D9%8A%D9%87%E2%80%AD/data=!4m7!3m6!1s0x3e2f1900113dee4f:0x846d0cb0f287ba9e!8m2!3d24.586993!4d46.574124!16s%2Fg%2F11wbxt9y3d!19sChIJT-49EQAZLz4RnrqH8rAMbYQ?authuser=0&hl=ar&rclk=1,روضة عفراء الانصاريه,3.0,(6),حضانة أطفال,,,العريجاء,,,غرب الرياض
https://www.google.com/maps/place/%D9%85%D8%AF%D8%A7%D8%B1%D8%B3+%D8%A7%D9%84%D9%85%D8%AC%D8%AF+%D8%A7%D9%84%D8%A3%D9%87%D9%84%D9%8A%D8%A9+%28%D9%85%D8%AC%D9%85%D8%B9+%D8%A7%D9%84%D8%B9%D8%B1%D9%8A%D8%AC%D8%A7%D8%A1%29%E2%80%AD/data=!4m7!3m6!1s0x3e2f1a1a60175ff1:0xde3cc5cec320b2e9!8m2!3d24.5776779!4d46.601897!16s%2Fg%2F11byp8397d!19sChIJ8V8XYBoaLz4R6bIgw87FPN4?authuser=0&hl=ar&rclk=1,مدارس المجد الأهلية (مجمع العريجاء),4.4,(569),مدرسة خاصة,9200 08733,http://www.almajd.edu.sa/,العريجاء,,,غرب الرياض
https://www.google.com/maps/place/%D9%85%D8%B1%D9%83%D8%B2+%D8%A8%D8%B1%D8%A7%D8%B9%D9%85+%D8%A7%D9%84%D8%A8%D8%AF%D9%8A%D8%B9%D8%A9+%D9%84%D8%B6%D9%8A%D8%A7%D9%81%D8%A9+%D8%A7%D9%84%D8%A7%D8%B7%D9%81%D8%A7%D9%84+%D8%AC%D8%AF%D9%8A%D8%AF%E2%80%AD/data=!4m7!3m6!1s0x3e2f1bfdbc361ce1:0xd8f3e3442a538677!8m2!3d24.5985285!4d46.6516845!16s%2Fg%2F11p0102df5!19sChIJ4Rw2vP0bLz4Rd4ZTKkTj89g?authuser=0&hl=ar&rclk=1,مركز براعم البديعة لضيافة الاطفال جديد,4.1,(71),حضانة أطفال,050 069 9735,https://ssl.gstatic.com/local/servicebusiness/default_user.png,البديعة,,,غرب الرياض
https://www.google.com/maps/place/%D9%85%D8%B1%D9%83%D8%B2+%D8%B7%D9%81%D9%84%D9%8A+%D9%84%D9%84%D8%B1%D8%B9%D8%A7%D9%8A%D8%A9+%D8%A7%D9%84%D9%86%D9%87%D8%A7%D8%B1%D9%8A%D8%A9%E2%80%AD/data=!4m7!3m6!1s0x3e2f1a9a1c4703b9:0x3424e00470593294!8m2!3d24.5905054!4d46.6461774!16s%2Fg%2F11c1nqtgzp!19sChIJuQNHHJoaLz4RlDJZcATgJDQ?authuser=0&hl=ar&rclk=1,مركز طفلي للرعاية النهارية,3.9,(59),حضانة,055 625 8999,,البديعة,,,غرب الرياض
https://www.google.com/maps/place/%D8%AD%D8%B6%D8%A7%D9%86%D9%87+%D8%B0%D9%8A%D8%A8%D8%A7%D9%86%E2%80%AD/data=!4m7!3m6!1s0x3e2f1be77d392d09:0x6cecb12190cda4e1!8m2!3d24.5929171!4d46.6380321!16s%2Fg%2F11srk_nln3!19sChIJCS05fecbLz4R4aTNkCGx7Gw?authuser=0&hl=ar&rclk=1,حضانه ذيبان,2.0,(1),حضانة أطفال,,https://ssl.gstatic.com/local/servicebusiness/default_user.png,البديعة,,,غرب الرياض
https://www.google.com/maps/place/%D9%85%D8%B1%D9%83%D8%B2+%D8%AD%D8%B1%D9%88%D9%81+%D8%A7%D9%84%D8%B7%D9%81%D9%88%D9%84%D8%A9%E2%80%AD/data=!4m7!3m6!1s0x3e2f115f137c2e6b:0x12e0e32a3303f596!8m2!3d24.5788112!4d46.6587283!16s%2Fg%2F11kqw5n0js!19sChIJay58E18RLz4RlvUDMyrj4BI?authuser=0&hl=ar&rclk=1,مركز حروف الطفولة,4.8,(113),رياض أطفال,050 960 0989,https://ssl.gstatic.com/local/servicebusiness/default_user.png,البديعة,,,غرب الرياض
https://www.google.com/maps/place/%D9%85%D8%B1%D9%83%D8%B2+%D8%A7%D8%B3%D9%85%D8%A7%D8%A1+%D8%B9%D8%A8%D8%AF+%D8%A7%D9%84%D9%84%D9%87+%D8%B9%D9%84%D9%8A+%D8%A7%D9%84%D9%82%D9%86%D8%A7%D8%B5+%D9%84%D8%B6%D9%8A%D8%A7%D9%81%D8%A9+%D8%A7%D9%84%D8%A3%D8%B7%D9%81%D8%A7%D9%84+%D8%A7%D9%84%D8%A3%D9%87%D9%84%D9%8A%D8%A9%E2%80%AD/data=!4m7!3m6!1s0x3e2f0565e1325901:0x2ea62b326ad7f569!8m2!3d24.5976165!4d46.6807422!16s%2Fg%2F11p0_gl55n!19sChIJAVky4WUFLz4RafXXajIrpi4?authuser=0&hl=ar&rclk=1,مركز اسماء عبد الله علي القناص لضيافة الأطفال الأهلية,4.6,(15),حضانة أطفال,054 309 6494,https://ssl.gstatic.com/local/servicebusiness/default_user.png,البديعة,,,غرب الرياض
https://www.google.com/maps/place/%D9%85%D8%B1%D9%83%D8%B2+%D8%A7%D9%84%D8%B6%D9%8A%D8%A7%D9%81%D8%A9+%D8%A7%D9%84%D8%A3%D9%88%D9%84%D9%89+%D9%84%D9%84%D8%A3%D8%B7%D9%81%D8%A7%D9%84%E2%80%AD/data=!4m7!3m6!1s0x3e2f1b7bca3851b3:0x28fcbcecfbc9f38a!8m2!3d24.6108111!4d46.634268!16s%2Fg%2F11gnr9fd6f!19sChIJs1E4ynsbLz4RivPJ--y8_Cg?authuser=0&hl=ar&rclk=1,مركز الضيافة الأولى للأطفال,4.3,(75),حضانة أطفال,055 785 9080,https://ssl.gstatic.com/local/servicebusiness/default_user.png,البديعة,,,غرب الرياض
https://www.google.com/maps/place/%D8%B1%D9%8A%D8%A7%D8%B6+%D8%A7%D9%84%D8%A7%D8%B7%D9%81%D8%A7%D9%84%E2%80%AD/data=!4m7!3m6!1s0x3e2f1b95604ca467:0xe5924be5c97a67ac!8m2!3d24.5822812!4d46.6456133!16s%2Fg%2F11rvbz64f9!19sChIJZ6RMYJUbLz4RrGd6yeVLkuU?authuser=0&hl=ar&rclk=1,رياض الاطفال,3.0,(1),مدرسة,,,البديعة,,,غرب الرياض
https://www.google.com/maps/place/%D9%85%D8%B1%D9%83%D8%B2+%D8%A7%D9%84%D8%A8%D8%B3%D9%85%D8%A9+%D8%A7%D9%84%D8%AC%D9%85%D9%8A%D9%84%D8%A9+%D9%84%D8%B6%D9%8A%D8%A7%D9%81%D8%A9+%D8%A7%D9%84%D8%A3%D8%B7%D9%81%D8%A7%D9%84%E2%80%AD/data=!4m7!3m6!1s0x3e2f0fa32ff46b8b:0xa7e52b1ff8549135!8m2!3d24.5524107!4d46.6824754!16s%2Fg%2F11flqmj4jb!19sChIJi2v0L6MPLz4RNZFU-B8r5ac?authuser=0&hl=ar&rclk=1,مركز البسمة الجميلة لضيافة الأطفال,4.1,(88),حضانة أطفال,055 863 9879,https://ssl.gstatic.com/local/servicebusiness/default_user.png,الشفا,,,غرب الرياض
https://www.google.com/maps/place/%D9%85%D8%B1%D9%83%D8%B2+%D9%86%D8%AC%D9%88%D9%85+%D8%B5%D8%BA%D9%8A%D8%B1%D8%A9+%D9%81%D8%B1%D8%B9+%D8%A7%D9%84%D8%B4%D9%81%D8%A7%D8%A1%E2%80%AD/data=!4m7!3m6!1s0x3e2f0fe57065bc01:0x54b4660b71e10d45!8m2!3d24.5656203!4d46.7044683!16s%2Fg%2F11lm_7_fjm!19sChIJAbxlcOUPLz4RRQ3hcQtmtFQ?authuser=0&hl=ar&rclk=1,مركز نجوم صغيرة فرع الشفاء,4.8,(28),رياض أطفال,050 483 5050,https://ssl.gstatic.com/local/servicebusiness/default_user.png,الشفا,,,غرب الرياض
https://www.google.com/maps/place/%D9%85%D8%B1%D9%83%D8%B2+%D8%B7%D9%81%D9%84%D9%8A+%D8%A7%D9%84%D9%85%D8%AD%D8%A8%D9%88%D8%A8+%D9%84%D8%B6%D9%8A%D8%A7%D9%81%D8%A9+%D8%A7%D9%84%D8%A7%D8%B7%D9%81%D8%A7%D9%84%E2%80%AD/data=!4m7!3m6!1s0x3e2f0fa52bde89a1:0x6cd1677349c918ef!8m2!3d24.5567427!4d46.7095648!16s%2Fg%2F11j4dn7jqw!19sChIJoYneK6UPLz4R7xjJSXNn0Ww?authuser=0&hl=ar&rclk=1,مركز طفلي المحبوب لضيافة الاطفال,4.5,(142),حضانة أطفال,055 363 8323,https://ssl.gstatic.com/local/servicebusiness/default_user.png,الشفا,,,غرب الرياض
https://www.google.com/maps/place/%D9%85%D8%B1%D9%83%D8%B2+%D8%A8%D9%8A%D8%AA+%D8%A7%D9%84%D8%AD%D9%86%D8%A7%D9%86+%D9%84%D8%B6%D9%8A%D8%A7%D9%81%D8%A9+%D8%A7%D9%84%D8%A3%D8%B7%D9%81%D8%A7%D9%84%E2%80%AD/data=!4m7!3m6!1s0x3e2f0fcc5f50dbad:0x217a3f9edaf3808e!8m2!3d24.5438788!4d46.6935065!16s%2Fg%2F11pvhvks2b!19sChIJrdtQX8wPLz4RjoDz2p4_eiE?authuser=0&hl=ar&rclk=1,مركز بيت الحنان لضيافة الأطفال,4.7,(193),رياض أطفال,056 404 1610,https://ssl.gstatic.com/local/servicebusiness/default_user.png,الشفا,,,غرب الرياض
https://www.google.com/maps/place/%D9%85%D8%B1%D9%83%D8%B2+%D9%88%D8%A7%D8%AD%D8%A9+%D8%A7%D9%84%D8%B7%D9%81%D9%84+%D9%84%D8%B6%D9%8A%D8%A7%D9%81%D8%A9+%D8%A7%D9%84%D8%A7%D8%B7%D9%81%D8%A7%D9%84%E2%80%AD/data=!4m7!3m6!1s0x3e2f0e48914131e7:0xf1fe2e6ab9312b05!8m2!3d24.5528238!4d46.6923458!16s%2Fg%2F11f4pkbtk6!19sChIJ5zFBkUgOLz4RBSsxuWou_vE?authuser=0&hl=ar&rclk=1,مركز واحة الطفل لضيافة الاطفال,3.9,(27),مدرسة,050 089 9173,https://ssl.gstatic.com/local/servicebusiness/default_user.png,الشفا,,,غرب الرياض
https://www.google.com/maps/place/%D8%AD%D8%B6%D8%A7%D9%86%D9%87%E2%80%AD/data=!4m7!3m6!1s0x3e2f0fe7769970e3:0x6a8c473ebede90e!8m2!3d24.5449411!4d46.7279985!16s%2Fg%2F11vcwfqx55!19sChIJ43CZducPLz4RDunt63PEqAY?authuser=0&hl=ar&rclk=1,حضانه,5.0,(1),حضانة أطفال,,,الشفا,,,غرب الرياض
https://www.google.com/maps/place/%D9%85%D8%B1%D9%83%D8%B2+%D8%AD%D8%B1%D9%88%D9%81+%D8%A7%D9%84%D8%B7%D9%81%D9%88%D9%84%D8%A9+%D9%84%D8%B6%D9%8A%D8%A7%D9%81%D8%A9+%D8%A7%D9%84%D8%A3%D8%B7%D9%81%D8%A7%D9%84+-+%D8%A7%D9%84%D8%B4%D9%81%D8%A7%D8%A1%E2%80%AD/data=!4m7!3m6!1s0x3e2f0fa716b3d3e3:0x1af9f66d8710235d!8m2!3d24.5363054!4d46.7002729!16s%2Fg%2F11wqwb72my!19sChIJ49OzFqcPLz4RXSMQh232-Ro?authuser=0&hl=ar&rclk=1,مركز حروف الطفولة لضيافة الأطفال - الشفاء,5.0,(11),رياض أطفال,055 268 9486,https://ssl.gstatic.com/local/servicebusiness/default_user.png,الشفا,,,غرب الرياض
https://www.google.com/maps/place/%D9%85%D8%AC%D9%85%D8%B9+%D8%A7%D9%84%D9%86%D9%88%D8%B1%D8%A7%D9%84%D8%AA%D8%B9%D9%84%D9%8A%D9%85%D9%8A%E2%80%AD/data=!4m7!3m6!1s0x3e2f0fa3fc7c3029:0x81e4f9e75eab5650!8m2!3d24.5788437!4d46.7041901!16s%2Fg%2F11c57569f5!19sChIJKTB8_KMPLz4RUFarXuf55IE?authuser=0&hl=ar&rclk=1,مجمع النورالتعليمي,4.6,(11),رياض أطفال,055 188 1094,https://ssl.gstatic.com/local/servicebusiness/default_user.png,الشفا,,,غرب الرياض
https://www.google.com/maps/place/%D9%85%D8%B1%D9%83%D8%B2+%D8%BA%D9%90%D8%B1%D8%A7%D8%B3+%D8%A7%D9%84%D9%86%D9%85%D9%88%D8%B0%D8%AC%D9%8A%E2%80%AD/data=!4m7!3m6!1s0x3e2f0f34a586242d:0x90ac22a96841cd5f!8m2!3d24.5449286!4d46.7186985!16s%2Fg%2F11fmddmbnh!19sChIJLSSGpTQPLz4RX81BaKkirJA?authuser=0&hl=ar&rclk=1,مركز غِراس النموذجي,4.3,(78),مدرسة خاصة,055 977 9121,https://ssl.gstatic.com/local/servicebusiness/default_user.png,الشفا,,,غرب الرياض
https://www.google.com/maps/place/%D8%B1%D9%88%D8%B6%D8%A9+%D8%A8%D8%B1%D8%A7%D8%B9%D9%85+%D8%A7%D9%84%D8%A7%D9%8A%D9%85%D8%A7%D9%86+%D8%A7%D9%84%D9%85%D8%AA%D8%B7%D9%88%D8%B1%D8%A9%E2%80%AD/data=!4m7!3m6!1s0x3e2f0f1a986113e5:0x4cb9afa1a6d398c5!8m2!3d24.5711131!4d46.6973709!16s%2Fg%2F11gyysg4bt!19sChIJ5RNhmBoPLz4RxZjTpqGvuUw?authuser=0&hl=ar&rclk=1,روضة براعم الايمان المتطورة,3.2,(21),مدرسة خاصة,055 660 4856,https://ssl.gstatic.com/local/servicebusiness/default_user.png,الشفا,,,غرب الرياض
https://www.google.com/maps/place/%D8%AD%D8%B6%D8%A7%D9%86%D8%A9+%D8%A7%D9%84%D8%A7%D8%A8%D8%AF%D8%A7%D8%B9%E2%80%AD/data=!4m7!3m6!1s0x3e2f0f007d24f959:0xdc7dd7b83d5b94!8m2!3d24.5414081!4d46.7303051!16s%2Fg%2F11wfh6_ll3!19sChIJWfkkfQAPLz4RlFs9uNd93AA?authuser=0&hl=ar&rclk=1,حضانة الابداع,5.0,(1),رياض أطفال,053 378 0103,,الشفا,,,غرب الرياض
https://www.google.com/maps/place/%D8%AD%D8%B6%D8%A7%D9%86%D8%A9+%D8%B4%D9%85%D8%B3+%D9%88%D8%B3%D8%AD%D8%A7%D8%A8+%D8%A7%D9%84%D9%85%D9%86%D8%B2%D9%84%D9%8A%D8%A9%E2%80%AD/data=!4m7!3m6!1s0x3e2f0f8b77c6e7a5:0xaca081315d49d77a!8m2!3d24.5368497!4d46.6906768!16s%2Fg%2F11swpd_my3!19sChIJpefGd4sPLz4RetdJXTGBoKw?authuser=0&hl=ar&rclk=1,حضانة شمس وسحاب المنزلية,3.5,(2),مدرسة,056 518 4418,https://ssl.gstatic.com/local/servicebusiness/default_user.png,الشفا,,,غرب الرياض
https://www.google.com/maps/place/%D9%86%D9%88%D9%81%E2%80%AD/data=!4m7!3m6!1s0x3e2f0fa169bda773:0x1700cf8854d1de7e!8m2!3d24.5673452!4d46.7024146!16s%2Fg%2F11vhh7v1x4!19sChIJc6e9aaEPLz4Rft7RVIjPABc?authuser=0&hl=ar&rclk=1,نوف,,,حضانة أطفال,,,الشفا,,,غرب الرياض
https://www.google.com/maps/place/%D8%B1%D9%88%D8%B6%D8%A9+%D8%A7%D9%84%D8%A3%D8%AC%D9%8A%D8%A7%D9%84%E2%80%AD/data=!4m7!3m6!1s0x3e2f0fadefd4f1b3:0x594a23ccf73415ef!8m2!3d24.5666584!4d46.7001053!16s%2Fg%2F11gbxb4vn9!19sChIJs_HU760PLz4R7xU098wjSlk?authuser=0&hl=ar&rclk=1,روضة الأجيال,3.4,(27),مدرسة,011 422 1767,https://ssl.gstatic.com/local/servicebusiness/default_user.png,الشفا,,,غرب الرياض
https://www.google.com/maps/place/%D8%A7%D8%A8%D9%88+%D9%83%D9%86%D8%A7%D9%86%E2%80%AD/data=!4m7!3m6!1s0x3e2f0f005e562551:0xefabf578dd03245!8m2!3d24.5493244!4d46.729706!16s%2Fg%2F11y66gck73!19sChIJUSVWXgAPLz4RRTLQjVe_-g4?authuser=0&hl=ar&rclk=1,ابو كنان,,,حضانة أطفال,,,الشفا,,,غرب الرياض
https://www.google.com/maps/place/%D8%A7%D9%84%D8%B1%D9%88%D8%B6%D8%A9+62%E2%80%AD/data=!4m7!3m6!1s0x3e2f0e33b68db815:0x300a56a90cb31f66!8m2!3d24.5454879!4d46.6975847!16s%2Fg%2F11c6dw73mb!19sChIJFbiNtjMOLz4RZh-zDKlWCjA?authuser=0&hl=ar&rclk=1,الروضة 62,3.6,(24),رياض أطفال,,https://ssl.gstatic.com/local/servicebusiness/default_user.png,الشفا,,,غرب الرياض
https://www.google.com/maps/place/Al-Tibyan+Kindergarten+for+the+memorization+of+the+Qur%E2%80%99an/data=!4m7!3m6!1s0x3e2f0e8b87cebfd1:0xa6859380f6012880!8m2!3d24.5456078!4d46.7138813!16s%2Fg%2F11c1sj0ndg!19sChIJ0b_Oh4sOLz4RgCgB9oCThaY?authuser=0&hl=ar&rclk=1,Al-Tibyan Kindergarten for the memorization of the Qur’an,3.9,(33),حضانة أطفال,055 300 5913,https://ssl.gstatic.com/local/servicebusiness/default_user.png,الشفا,,,غرب الرياض
https://www.google.com/maps/place/%D9%85%D8%B1%D9%83%D8%B2+%D8%AA%D9%88%D8%AA%D9%87+%D9%84%D8%B6%D9%8A%D8%A7%D9%81%D8%A9+%D8%A7%D9%84%D8%A3%D8%B7%D9%81%D8%A7%D9%84%E2%80%AD/data=!4m7!3m6!1s0x3e2f19be0a5a71a9:0xe7a366c23d19c9d6!8m2!3d24.5685909!4d46.5268824!16s%2Fg%2F11thkrypjm!19sChIJqXFaCr4ZLz4R1skZPcJmo-c?authuser=0&hl=ar&rclk=1,مركز توته لضيافة الأطفال,4.5,(74),حضانة أطفال,053 182 5258,https://ssl.gstatic.com/local/servicebusiness/default_user.png,طويق,,,غرب الرياض
https://www.google.com/maps/place/%D9%85%D8%B1%D9%83%D8%B2+%D8%B6%D9%8A%D8%A7%D9%81%D8%A9+%D8%A7%D9%84%D8%A7%D8%B7%D9%81%D8%A7%D9%84+%D8%A7%D9%84%D9%85%D8%A8%D8%AA%D9%83%D8%B1+%D8%A7%D9%84%D8%B5%D8%BA%D9%8A%D8%B1%D8%A9%E2%80%AD/data=!4m7!3m6!1s0x3e2f19c980c99f77:0x73ac340acd9c3de1!8m2!3d24.5518835!4d46.5189773!16s%2Fg%2F11tk374l88!19sChIJd5_JgMkZLz4R4T2czQo0rHM?authuser=0&hl=ar&rclk=1,مركز ضيافة الاطفال المبتكر الصغيرة,4.8,(67),حضانة أطفال,058 004 4542,https://ssl.gstatic.com/local/servicebusiness/default_user.png,طويق,,,غرب الرياض
https://www.google.com/maps/place/%D8%B1%D9%88%D8%B6%D8%A9+%D8%A3%D8%AC%D9%8A%D8%A7%D9%84+%D8%A7%D9%84%D9%85%D9%87%D8%A7+%D8%A7%D9%84%D8%A3%D9%87%D9%84%D9%8A%D8%A9%E2%80%AD/data=!4m7!3m6!1s0x3e2f2303770f66f5:0xca1c2498b616c266!8m2!3d24.5509265!4d46.5109233!16s%2Fg%2F11fn2j1t6m!19sChIJ9WYPdwMjLz4RZsIWtpgkHMo?authuser=0&hl=ar&rclk=1,روضة أجيال المها الأهلية,3.4,(68),مدرسة,050 761 1817,https://ssl.gstatic.com/local/servicebusiness/default_user.png,طويق,,,غرب الرياض
https://www.google.com/maps/place/%D9%85%D8%AF%D8%A7%D8%B1%D8%B3+%D8%B5%D8%BA%D8%A7%D8%B1%D9%8A+%D8%A7%D9%84%D8%A3%D9%87%D9%84%D9%8A%D8%A9%E2%80%AD/data=!4m7!3m6!1s0x3e2f192edee1c90b:0xeb213d30fe65c32e!8m2!3d24.5467099!4d46.546914!16s%2Fg%2F11rvht4843!19sChIJC8nh3i4ZLz4RLsNl_jA9Ies?authuser=0&hl=ar&rclk=1,مدارس صغاري الأهلية,4.7,(126),رياض أطفال,050 416 7522,https://ssl.gstatic.com/local/servicebusiness/default_user.png,طويق,,,غرب الرياض
https://www.google.com/maps/place/%D8%AD%D8%B6%D8%A7%D9%86%D8%A9+%D8%B9%D8%A7%D9%84%D9%85+%D8%A7%D9%84%D8%B7%D9%81%D9%88%D9%84%D9%87%E2%80%AD/data=!4m7!3m6!1s0x3e2f190012d6d959:0x937d8ed57c044f2f!8m2!3d24.5572219!4d46.5726755!16s%2Fg%2F11w9mgysyl!19sChIJWdnWEgAZLz4RL08EfNWOfZM?authuser=0&hl=ar&rclk=1,حضانة عالم الطفوله,4.8,(16),حضانة أطفال,053 572 2857,https://ssl.gstatic.com/local/servicebusiness/default_user.png,طويق,,,غرب الرياض
https://www.google.com/maps/place/%D9%85%D8%B1%D9%83%D8%B2+%D8%B3%D9%85%D8%A7%D8%A6%D9%8A+%D9%84%D8%B6%D9%8A%D8%A7%D9%81%D8%A9+%D8%A7%D9%84%D8%A3%D8%B7%D9%81%D8%A7%D9%84%E2%80%AD/data=!4m7!3m6!1s0x3e2f1dcb962a57ab:0xf162624edd31529c!8m2!3d24.5840884!4d46.52898!16s%2Fg%2F11qyh9zkxq!19sChIJq1cqlssdLz4RnFIx3U5iYvE?authuser=0&hl=ar&rclk=1,مركز سمائي لضيافة الأطفال,4.3,(65),حضانة أطفال,050 061 6836,,طويق,,,غرب الرياض
https://www.google.com/maps/place/%D9%85%D8%B1%D9%83%D8%B2+%D9%88%D8%AD%D8%B6%D8%A7%D9%86%D8%A9+%D8%A7%D9%84%D8%AC%D9%8A%D9%84+%D8%A7%D9%84%D9%86%D8%A7%D8%AC%D8%AD+%D9%81%D8%B1%D8%B9+%D8%A7%D9%84%D8%B7%D9%88%D9%8A%D9%82%E2%80%AD/data=!4m7!3m6!1s0x2fd75923a75c0047:0xeabe271fba790e39!8m2!3d24.5608216!4d46.5390808!16s%2Fg%2F11vc0sm21s!19sChIJRwBcpyNZ1y8ROQ55uh8nvuo?authuser=0&hl=ar&rclk=1,مركز وحضانة الجيل الناجح فرع الطويق,3.9,(22),حضانة أطفال,050 012 2753,https://ssl.gstatic.com/local/servicebusiness/default_user.png,طويق,,,غرب الرياض
https://www.google.com/maps/place/%D8%AD%D8%B6%D8%A7%D9%86%D8%A9+%D9%88%D8%A7%D8%AD%D8%A9+%D8%A8%D9%8A%D8%AA+%D8%A7%D9%84%D8%B7%D9%81%D9%88%D9%84%D8%A9+%D9%81%D8%B1%D8%B9+%D9%86%D9%85%D8%A7%D8%B1%E2%80%AD/data=!4m7!3m6!1s0x3e2f19000a281afb:0x3f9486e4c9494350!8m2!3d24.5618521!4d46.5569426!16s%2Fg%2F11lms02zmk!19sChIJ-xooCgAZLz4RUENJyeSGlD8?authuser=0&hl=ar&rclk=1,حضانة واحة بيت الطفولة فرع نمار,4.8,(16),حضانة أطفال,055 040 7067,https://ssl.gstatic.com/local/servicebusiness/default_user.png,طويق,,,غرب الرياض
https://www.google.com/maps/place/%D9%85%D8%B1%D9%83%D8%B2+%D9%88%D8%AC%D8%AF%D8%A7%D9%86+%D9%84%D8%AD%D8%B6%D8%A7%D9%86%D8%A9+%D8%A7%D9%84%D8%A3%D8%B7%D9%81%D8%A7%D9%84%E2%80%AD/data=!4m7!3m6!1s0x3e2f1938284d41d7:0x44ee531fb9ef1c5b!8m2!3d24.5630189!4d46.5284013!16s%2Fg%2F11y2fpdg67!19sChIJ10FNKDgZLz4RWxzvuR9T7kQ?authuser=0&hl=ar&rclk=1,مركز وجدان لحضانة الأطفال,4.5,(23),حضانة,055 398 8013,https://ssl.gstatic.com/local/servicebusiness/default_user.png,طويق,,,غرب الرياض
https://www.google.com/maps/place/%D8%AD%D8%B6%D8%A7%D9%86%D8%A9+%D9%82%D9%84%D8%B9%D8%A9+%D8%A7%D9%84%D9%85%D8%B3%D8%AA%D9%82%D8%A8%D9%84+%D9%84%D8%B6%D9%8A%D8%A7%D9%81%D8%A9+%D8%A7%D9%84%D8%A3%D8%B7%D9%81%D8%A7%D9%84%E2%80%AD/data=!4m7!3m6!1s0x3e2f1979eccaed33:0x14cf757723e30e4d!8m2!3d24.5636161!4d46.5472043!16s%2Fg%2F11l22ggfwk!19sChIJM-3K7HkZLz4RTQ7jI3d1zxQ?authuser=0&hl=ar&rclk=1,حضانة قلعة المستقبل لضيافة الأطفال,4.8,(24),حضانة,056 207 4704,https://ssl.gstatic.com/local/servicebusiness/default_user.png,طويق,,,غرب الرياض
https://www.google.com/maps/place/%D8%B9%D9%87%D8%AF+%D8%A7%D9%84%D8%A7%D8%B5%D8%AF%D9%82%D8%A7%D8%A1+%D8%AD%D8%B6%D8%A7%D9%86%D8%A9+%D9%85%D9%86%D8%B2%D9%84%D9%8A%D9%87+%D9%84%D8%B6%D9%8A%D8%A7%D9%81%D8%A9+%D8%A7%D9%84%D8%A7%D8%B7%D9%81%D8%A7%D9%84%E2%80%AD/data=!4m7!3m6!1s0x3e2f195341f881cf:0x6261679acbe2681b!8m2!3d24.5557138!4d46.5511782!16s%2Fg%2F11y1t06d8f!19sChIJz4H4QVMZLz4RG2jiy5pnYWI?authuser=0&hl=ar&rclk=1,عهد الاصدقاء حضانة منزليه لضيافة الاطفال,4.8,(20),حضانة أطفال,056 531 9915,https://ssl.gstatic.com/local/servicebusiness/default_user.png,طويق,,,غرب الرياض
https://www.google.com/maps/place/%D9%85%D8%B1%D9%83%D8%B2+%D8%A3%D8%B1%D9%83%D8%A7%D9%86+%D8%A7%D9%84%D8%A8%D8%B1%D8%A7%D8%B9%D9%85+%D9%84%D8%B6%D9%8A%D8%A7%D9%81%D8%A9+%D8%A7%D9%84%D8%A3%D8%B7%D9%81%D8%A7%D9%84+%D8%A7%D9%84%D8%A3%D9%87%D9%84%D9%8A%D8%A9%E2%80%AD/data=!4m7!3m6!1s0x3e2f1902a6da85bb:0xfa5d40f611f2d609!8m2!3d24.5591166!4d46.5536941!16s%2Fg%2F11w4jvstlv!19sChIJu4XapgIZLz4RCdbyEfZAXfo?authuser=0&hl=ar&rclk=1,مركز أركان البراعم لضيافة الأطفال الأهلية,4.9,(25),حضانة أطفال,050 248 4510,https://ssl.gstatic.com/local/servicebusiness/default_user.png,طويق,,,غرب الرياض
https://www.google.com/maps/place/%D9%85%D8%B1%D9%83%D8%B2+%D8%AF%D8%B1%D9%88%D8%A8+%D8%A7%D9%84%D8%BA%D8%AF+%D9%84%D8%B6%D9%8A%D8%A7%D9%81%D8%A9+%D8%A7%D9%84%D8%A3%D8%B7%D9%81%D8%A7%D9%84%E2%80%AD/data=!4m7!3m6!1s0x3e2f19032f31aa1f:0xf401d21ca2170fbd!8m2!3d24.5506917!4d46.5401897!16s%2Fg%2F11vlm9m8c2!19sChIJH6oxLwMZLz4RvQ8XohzSAfQ?authuser=0&hl=ar&rclk=1,مركز دروب الغد لضيافة الأطفال,4.2,(36),حضانة أطفال,050 328 7333,https://ssl.gstatic.com/local/servicebusiness/default_user.png,طويق,,,غرب الرياض
https://www.google.com/maps/place/%D8%AD%D8%B6%D8%A7%D9%86%D8%A9+%D9%85%D8%A7%D9%85%D8%A7%E2%80%AD/data=!4m7!3m6!1s0x3e2f19ed5a251d83:0x4d7654a2a2c46f62!8m2!3d24.5643936!4d46.5732774!16s%2Fg%2F11shmx0c9p!19sChIJgx0lWu0ZLz4RYm_EoqJUdk0?authuser=0&hl=ar&rclk=1,حضانة ماما,3.5,(34),حضانة أطفال,056 149 7610,https://ssl.gstatic.com/local/servicebusiness/default_user.png,طويق,,,غرب الرياض
https://www.google.com/maps/place/%D8%A7%D9%83%D8%A7%D8%AF%D9%8A%D9%85%D9%8A%D9%87+%D9%86%D9%88%D8%A7%D8%A8%D8%BA+%D8%B7%D9%88%D9%8A%D9%82%E2%80%AD/data=!4m7!3m6!1s0x3e2f19a24a29e051:0xc7991fb8c5749b5!8m2!3d24.5789737!4d46.5467891!16s%2Fg%2F11tsqw_xv5!19sChIJUeApSqIZLz4RtUlXjPuReQw?authuser=0&hl=ar&rclk=1,اكاديميه نوابغ طويق,4.3,(8),رياض أطفال,059 117 1168,https://ssl.gstatic.com/local/servicebusiness/default_user.png,طويق,,,غرب الرياض
https://www.google.com/maps/place/%D8%AD%D8%B6%D8%A7%D9%86%D9%87+%D8%A7%D9%84%D8%B1%D8%AD%D9%85%D9%87%E2%80%AD/data=!4m7!3m6!1s0x3e2f19075eeae55f:0xa2b494fa232d2452!8m2!3d24.5880114!4d46.5720383!16s%2Fg%2F11sw2sv2gd!19sChIJX-XqXgcZLz4RUiQtI_qUtKI?authuser=0&hl=ar&rclk=1,حضانه الرحمه,4.5,(8),حضانة أطفال,059 858 7816,https://ssl.gstatic.com/local/servicebusiness/default_user.png,طويق,,,غرب الرياض
https://www.google.com/maps/place/%D8%AD%D8%B6%D8%A7%D9%86%D9%87%E2%80%AD/data=!4m7!3m6!1s0x3e2f19be4423a24f:0x34abaf958b6e6d4a!8m2!3d24.5597495!4d46.5545772!16s%2Fg%2F11t_gwm432!19sChIJT6IjRL4ZLz4RSm1ui5WvqzQ?authuser=0&hl=ar&rclk=1,حضانه,5.0,(1),حضانة أطفال,,,طويق,,,غرب الرياض
https://www.google.com/maps/place/%D9%85%D8%AF%D8%B1%D8%B3%D8%A9+%D8%A7%D9%84%D9%85%D8%AA%D9%82%D9%86%D8%A7%D8%AA+%D8%A7%D9%84%D9%86%D8%B3%D8%A7%D8%A6%D9%8A%D8%A9..+%D8%B1%D9%88%D8%B6%D8%A9+%D8%A3%D8%B7%D9%81%D8%A7%D9%84%E2%80%AD/data=!4m7!3m6!1s0x3e2f196d7d1f5635:0xe8e402de96a5676b!8m2!3d24.5822869!4d46.5748919!16s%2Fg%2F11h_2l9xnl!19sChIJNVYffW0ZLz4Ra2ellt4C5Og?authuser=0&hl=ar&rclk=1,مدرسة المتقنات النسائية.. روضة أطفال,4.4,(49),مدرسة,056 507 3749,https://ssl.gstatic.com/local/servicebusiness/default_user.png,طويق,,,غرب الرياض
https://www.google.com/maps/place/%D9%85%D8%B1%D9%83%D8%B2+%D8%B1%D9%88%D8%B9%D8%A9+%D8%A7%D9%84%D8%B7%D9%81%D9%88%D9%84%D8%A9+%D9%84%D8%B6%D9%8A%D8%A7%D9%81%D8%A9+%D8%A7%D9%84%D8%A3%D8%B7%D9%81%D8%A7%D9%84%E2%80%AD/data=!4m7!3m6!1s0x3e2f1978efe85f35:0x40bd100efca170fd!8m2!3d24.6001453!4d46.5866256!16s%2Fg%2F11f101xc62!19sChIJNV_o73gZLz4R_XCh_A4QvUA?authuser=0&hl=ar&rclk=1,مركز روعة الطفولة لضيافة الأطفال,4.3,(116),مدرسة,050 484 0051,https://ssl.gstatic.com/local/servicebusiness/default_user.png,طويق,,,غرب الرياض
https://www.google.com/maps/place/%D9%85%D8%AF%D8%A7%D8%B1%D8%B3+%D8%A8%D9%86%D8%A7%D8%A1+%D8%A7%D9%84%D9%85%D8%A8%D8%AF%D8%B9%D9%8A%D9%86+%D8%A7%D9%84%D8%A3%D9%87%D9%84%D9%8A%D8%A9+%28+%D8%B1%D9%8A%D8%A7%D8%B6+%D8%A3%D8%B7%D9%81%D8%A7%D9%84+%D9%88%D8%B5%D9%81%D9%88%D9%81+%D8%A3%D9%88%D9%84%D9%8A%D8%A9+%D8%A7%D8%A8%D8%AA%D8%AF%D8%A7%D8%A6%D9%8A+%29%E2%80%AD/data=!4m7!3m6!1s0x3e2f23f66912f737:0x24af54416dc4c03e!8m2!3d24.5461775!4d46.5136879!16s%2Fg%2F11swtwvz54!19sChIJN_cSafYjLz4RPsDEbUFUryQ?authuser=0&hl=ar&rclk=1,مدارس بناء المبدعين الأهلية ( رياض أطفال وصفوف أولية ابتدائي ),4.1,(140),رياض أطفال,053 105 0212,https://ssl.gstatic.com/local/servicebusiness/default_user.png,طويق,,,غرب الرياض
https://www.google.com/maps/place/%D8%AD%D8%B6%D8%A7%D9%86%D8%A9+%D9%85%D8%A7%D9%85%D8%A7+%D8%B1%D9%88%D8%B2%D9%8A%E2%80%AD/data=!4m7!3m6!1s0x3e2f1998a50cfad5:0xaf1471bd924e8370!8m2!3d24.5876448!4d46.5785425!16s%2Fg%2F11w8pxwj74!19sChIJ1foMpZgZLz4RcINOkr1xFK8?authuser=0&hl=ar&rclk=1,حضانة ماما روزي,5.0,(2),حضانة أطفال,050 471 4548,https://ssl.gstatic.com/local/servicebusiness/default_user.png,طويق,,,غرب الرياض
https://www.google.com/maps/place/%D8%B1%D9%88%D8%B6%D9%87%E2%80%AD/data=!4m7!3m6!1s0x3e2f17aa99b48751:0x7621fe5fb6ae3052!8m2!3d24.5468511!4d46.5493709!16s%2Fg%2F11kq2_7pd3!19sChIJUYe0maoXLz4RUjCutl_-IXY?authuser=0&hl=ar&rclk=1,روضه,4.7,(3),حضانة أطفال,055 335 3969,,طويق,,,غرب الرياض
https://www.google.com/maps/place/%D9%85%D8%B1%D9%83%D8%B2+%D8%A7%D8%AC%D9%85%D9%84+%D8%A8%D8%AF%D8%A7%D9%8A%D8%A9+%D9%84%D8%B6%D9%8A%D8%A7%D9%81%D8%A9+%D8%A7%D9%84%D8%A7%D8%B7%D9%81%D8%A7%D9%84+%D8%A7%D9%84%D8%A7%D9%87%D9%84%D9%8A%D9%87%E2%80%AD/data=!4m7!3m6!1s0x3e2f195e4501fdb5:0x20915042bf9283b2!8m2!3d24.5640042!4d46.5329368!16s%2Fg%2F11vdjtnknq!19sChIJtf0BRV4ZLz4RsoOSv0JQkSA?authuser=0&hl=ar&rclk=1,مركز اجمل بداية لضيافة الاطفال الاهليه,4.3,(12),رياض أطفال,055 657 9569,https://ssl.gstatic.com/local/servicebusiness/default_user.png,طويق,,,غرب الرياض
https://www.google.com/maps/place/%D9%85%D8%B1%D9%83%D8%B2+%D8%A7%D9%84%D9%8A%D8%AF+%D8%A7%D9%84%D8%AD%D9%86%D9%88%D9%86+%D9%84%D8%B6%D9%8A%D8%A7%D9%81%D8%A9+%D8%A7%D9%84%D8%A7%D8%B7%D9%81%D8%A7%D9%84%E2%80%AD/data=!4m7!3m6!1s0x3e2f19c0b070bd95:0xf94d7d75f5f24f11!8m2!3d24.5653262!4d46.5227039!16s%2Fg%2F11rq5ydg5c!19sChIJlb1wsMAZLz4REU_y9XV9Tfk?authuser=0&hl=ar&rclk=1,مركز اليد الحنون لضيافة الاطفال,4.2,(51),حضانة أطفال,055 420 1630,https://ssl.gstatic.com/local/servicebusiness/default_user.png,طويق,,,غرب الرياض
https://www.google.com/maps/place/%D8%A7%D9%84%D8%B1%D9%88%D8%B6%D8%A9+%D9%A2%D9%A1%D9%A2%E2%80%AD/data=!4m7!3m6!1s0x3e2f23e529686f51:0x9ade60d37baabd73!8m2!3d24.5484745!4d46.5095063!16s%2Fg%2F11j0nfy80s!19sChIJUW9oKeUjLz4Rc72qe9Ng3po?authuser=0&hl=ar&rclk=1,الروضة ٢١٢,3.4,(27),مدرسة,055 084 0654,https://ssl.gstatic.com/local/servicebusiness/default_user.png,طويق,,,غرب الرياض
https://www.google.com/maps/place/%D9%85%D8%B1%D9%83%D8%B2+%D8%A8%D8%B1%D8%A7%D8%B9%D9%85+%D8%A7%D9%84%D8%B9%D9%84%D9%85+%D9%84%D8%B6%D9%8A%D8%A7%D9%81%D8%A9+%D8%A7%D9%84%D8%A3%D8%B7%D9%81%D8%A7%D9%84+%D8%A7%D9%84%D8%A3%D9%87%D9%84%D9%8A%D8%A9%E2%80%AD/data=!4m7!3m6!1s0x3e2f19007a06514f:0x577dba158a3aac38!8m2!3d24.5879629!4d46.5619827!16s%2Fg%2F11vx5wf5qh!19sChIJT1EGegAZLz4ROKw6ihW6fVc?authuser=0&hl=ar&rclk=1,مركز براعم العلم لضيافة الأطفال الأهلية,2.7,(7),حضانة أطفال,,https://ssl.gstatic.com/local/servicebusiness/default_user.png,طويق,,,غرب الرياض
https://www.google.com/maps/place/%D9%85%D8%B1%D9%83%D8%B2+%D8%B9%D8%A7%D9%84%D9%85+%D8%A7%D9%84%D8%A3%D9%84%D9%88%D8%A7%D9%86+%D9%84%D8%B6%D9%8A%D8%A7%D9%81%D8%A9+%D8%A7%D9%84%D8%A7%D8%B7%D9%81%D8%A7%D9%84%E2%80%AD/data=!4m7!3m6!1s0x3e2f2371fc2b0a3f:0x54689f7c37637836!8m2!3d24.5534713!4d46.5159734!16s%2Fg%2F11v9vshh4k!19sChIJPwor_HEjLz4RNnhjN3yfaFQ?authuser=0&hl=ar&rclk=1,مركز عالم الألوان لضيافة الاطفال,4.4,(64),مدرسة,055 479 3946,https://ssl.gstatic.com/local/servicebusiness/default_user.png,طويق,,,غرب الرياض
https://www.google.com/maps/place/%D8%B1%D9%88%D8%B6%D8%A9+%D8%B9%D9%81%D8%B1%D8%A7%D8%A1+%D8%A7%D9%84%D8%A7%D9%86%D8%B5%D8%A7%D8%B1%D9%8A%D9%87%E2%80%AD/data=!4m7!3m6!1s0x3e2f1900113dee4f:0x846d0cb0f287ba9e!8m2!3d24.586993!4d46.574124!16s%2Fg%2F11wbxt9y3d!19sChIJT-49EQAZLz4RnrqH8rAMbYQ?authuser=0&hl=ar&rclk=1,روضة عفراء الانصاريه,3.0,(6),حضانة أطفال,,https://ssl.gstatic.com/local/servicebusiness/default_user.png,طويق,,,غرب الرياض
https://www.google.com/maps/place/%D9%85%D8%B1%D9%83%D8%B2+%D8%A7%D9%84%D8%B6%D9%8A%D8%A7%D9%81%D8%A9+%D8%A7%D9%84%D8%A3%D9%88%D9%84%D9%89+%D9%84%D9%84%D8%A3%D8%B7%D9%81%D8%A7%D9%84%E2%80%AD/data=!4m7!3m6!1s0x3e2f1b7bca3851b3:0x28fcbcecfbc9f38a!8m2!3d24.6108111!4d46.634268!16s%2Fg%2F11gnr9fd6f!19sChIJs1E4ynsbLz4RivPJ--y8_Cg?authuser=0&hl=ar&rclk=1,مركز الضيافة الأولى للأطفال,4.3,(75),حضانة أطفال,055 785 9080,https://ssl.gstatic.com/local/servicebusiness/default_user.png,طويق,,,غرب الرياض
https://www.google.com/maps/place/%D9%85%D8%B1%D9%83%D8%B2+%D8%A7%D9%84%D8%AC%D9%8A%D9%84+%D8%A7%D9%84%D9%86%D8%A7%D8%AC%D8%AD+%D9%84%D8%B6%D9%8A%D8%A7%D9%81%D8%A9+%D8%A7%D9%84%D8%A3%D8%B7%D9%81%D8%A7%D9%84+%D8%A7%D9%84%D8%A7%D9%87%D9%84%D9%8A%D9%87+%D9%81%D8%B1%D8%B9+%D8%A7%D9%84%D8%B9%D8%B1%D9%8A%D8%AC%D8%A7%D8%A1+%D8%A7%D9%84%D8%BA%D8%B1%D8%A8%D9%8A%E2%80%AD/data=!4m7!3m6!1s0x3e2f1b838e9f41bf:0x26c2ea76638a2eb5!8m2!3d24.5884458!4d46.5975744!16s%2Fg%2F11y41wwzms!19sChIJv0GfjoMbLz4RtS6KY3bqwiY?authuser=0&hl=ar&rclk=1,مركز الجيل الناجح لضيافة الأطفال الاهليه فرع العريجاء الغربي,4.7,(55),رياض أطفال,050 462 5190,https://ssl.gstatic.com/local/servicebusiness/default_user.png,طويق,,,غرب الرياض
https://www.google.com/maps/place/%D8%AD%D8%B6%D8%A7%D9%86%D8%A9+%D9%85%D8%A7%D9%85%D8%A7+%D9%85%D9%8A%D9%85%D9%8A+%D8%A7%D9%84%D9%85%D9%86%D8%B2%D9%84%D9%8A%D8%A9+%D9%84%D8%B6%D9%8A%D8%A7%D9%81%D8%A9+%D8%A7%D9%84%D8%A7%D8%B7%D9%81%D8%A7%D9%84%E2%80%AD/data=!4m7!3m6!1s0x3e2f19f2be6cca87:0x82dc382820462002!8m2!3d24.5783795!4d46.5889993!16s%2Fg%2F11tmwtd01r!19sChIJh8psvvIZLz4RAiBGICg43II?authuser=0&hl=ar&rclk=1,حضانة ماما ميمي المنزلية لضيافة الاطفال,4.0,(3),حضانة أطفال,050 023 2218,https://ssl.gstatic.com/local/servicebusiness/default_user.png,طويق,,,غرب الرياض
https://www.google.com/maps/place/%D8%B1%D9%88%D8%B6%D8%A9+%D9%81%D8%B1%D8%A7%D8%B4%D8%A7%D8%AA+%D8%B5%D8%BA%D9%8A%D8%B1%D8%A9+%D9%84%D9%84%D8%A3%D8%B7%D9%81%D8%A7%D9%84%E2%80%AD/data=!4m7!3m6!1s0x3e2f23c5c001f34d:0xcb684bc0ea199ae2!8m2!3d24.5562923!4d46.5152568!16s%2Fg%2F11wh6yf5cl!19sChIJTfMBwMUjLz4R4poZ6sBLaMs?authuser=0&hl=ar&rclk=1,روضة فراشات صغيرة للأطفال,4.1,(9),رياض أطفال,055 270 2101,,طويق,,,غرب الرياض
https://www.google.com/maps/place/%D8%B1%D9%88%D8%B6%D8%A9+%D9%A7%D9%A5%E2%80%AD/data=!4m7!3m6!1s0x3e2f18f2f42bffbb:0x9daad28ae0334606!8m2!3d24.5889632!4d46.5377832!16s%2Fg%2F11c1qxgnyg!19sChIJu_8r9PIYLz4RBkYz4IrSqp0?authuser=0&hl=ar&rclk=1,روضة ٧٥,2.9,(15),مدرسة,,https://ssl.gstatic.com/local/servicebusiness/default_user.png,طويق,,,غرب الرياض
https://www.google.com/maps/place/%D8%B1%D9%88%D8%B6%D9%87+%D8%B7%D9%88%D9%8A%D9%82+%D8%A7%D9%84%D8%A7%D9%88%D9%84%D9%89%E2%80%AD/data=!4m7!3m6!1s0x3e2f1f8e3f7c853b:0x98918b2e5e0d390c!8m2!3d24.6238353!4d46.521062!16s%2Fg%2F11grv4lhpd!19sChIJO4V8P44fLz4RDDkNXi6LkZg?authuser=0&hl=ar&rclk=1,روضه طويق الاولى,3.8,(6),مدرسة,,,طويق,,,غرب الرياض
https://www.google.com/maps/place/%D8%AD%D8%B6%D8%A7%D9%86%D8%A9+%D9%85%D8%A7%D9%85%D8%A7+%D9%85%D9%8A%D9%85%D9%8A+%D8%A7%D9%84%D9%85%D9%86%D8%B2%D9%84%D9%8A%D8%A9%E2%80%AD/data=!4m7!3m6!1s0x3e2f199cac768f0b:0x9b9e15cdf33f2078!8m2!3d24.5611715!4d46.5442817!16s%2Fg%2F11scp63qdf!19sChIJC492rJwZLz4ReCA_880Vnps?authuser=0&hl=ar&rclk=1,حضانة ماما ميمي المنزلية,1.0,(1),حضانة أطفال,055 068 8915,,طويق,,,غرب الرياض
https://www.google.com/maps/place/%D8%B1%D9%88%D8%B6%D9%87+%D9%88%D8%AB%D9%86%D9%88%D9%8A%D9%87%E2%80%AD/data=!4m7!3m6!1s0x3e2f19550dba12a7:0x9f4068c18e6364e7!8m2!3d24.554747!4d46.55563!16s%2Fg%2F11vfb2llyt!19sChIJpxK6DVUZLz4R52RjjsFoQJ8?authuser=0&hl=ar&rclk=1,روضه وثنويه,,,رياض أطفال,,,طويق,,,غرب الرياض
https://www.google.com/maps/place/%D8%BA%D8%B1%D8%A7%D8%B3+%D8%A7%D9%84%D9%8A%D9%88%D9%85+%D8%A7%D9%84%D8%A3%D9%87%D9%84%D9%8A%D8%A9%E2%80%AD/data=!4m7!3m6!1s0x3e2f110464a775a3:0xf46e6b74a395993d!8m2!3d24.5530032!4d46.6363856!16s%2Fg%2F11rwqbf0w0!19sChIJo3WnZAQRLz4RPZmVo3RrbvQ?authuser=0&hl=ar&rclk=1,غراس اليوم الأهلية,4.5,(128),حضانة أطفال,059 984 6235,https://ssl.gstatic.com/local/servicebusiness/default_user.png,نمار,,,غرب الرياض
https://www.google.com/maps/place/%D8%AD%D8%B6%D8%A7%D9%86%D8%A9+%D9%88%D8%A7%D8%AD%D8%A9+%D8%A8%D9%8A%D8%AA+%D8%A7%D9%84%D8%B7%D9%81%D9%88%D9%84%D8%A9+%D9%81%D8%B1%D8%B9+%D9%86%D9%85%D8%A7%D8%B1%E2%80%AD/data=!4m7!3m6!1s0x3e2f19000a281afb:0x3f9486e4c9494350!8m2!3d24.5618521!4d46.5569426!16s%2Fg%2F11lms02zmk!19sChIJ-xooCgAZLz4RUENJyeSGlD8?authuser=0&hl=ar&rclk=1,حضانة واحة بيت الطفولة فرع نمار,4.8,(16),حضانة أطفال,055 040 7067,https://ssl.gstatic.com/local/servicebusiness/default_user.png,نمار,,,غرب الرياض
https://www.google.com/maps/place/%E2%80%8F%D9%85%D8%B4%D8%A7%D8%B1%D9%8A%D8%B9%D9%8A%E2%80%AD/data=!4m7!3m6!1s0x3e2f0fd6ac4779bf:0x4f1b9e25e67b382e!8m2!3d24.5709279!4d46.6845448!16s%2Fg%2F11vl8d6389!19sChIJv3lHrNYPLz4RLjh75iWeG08?authuser=0&hl=ar&rclk=1,‏مشاريعي,5.0,(1),حضانة أطفال,055 443 8817,,نمار,,,غرب الرياض
https://www.google.com/maps/place/%D8%AD%D8%B6%D8%A7%D9%86%D9%87+%D8%AF%D9%86%D9%8A%D8%A7+%D8%A7%D9%84%D8%B7%D9%81%D9%88%D9%84%D9%87+%D8%A7%D9%84%D9%85%D9%86%D8%B2%D9%84%D9%8A%D9%87%E2%80%AD/data=!4m7!3m6!1s0x3e2f19006d503ec5:0x47a52df3baf501e1!8m2!3d24.5651054!4d46.5923025!16s%2Fg%2F11vrkh_2f7!19sChIJxT5QbQAZLz4R4QH1uvMtpUc?authuser=0&hl=ar&rclk=1,حضانه دنيا الطفوله المنزليه,4.5,(36),حضانة أطفال,056 960 4559,https://ssl.gstatic.com/local/servicebusiness/default_user.png,نمار,,,غرب الرياض
https://www.google.com/maps/place/%D8%AD%D8%B6%D8%A7%D9%86%D9%87%E2%80%AD/data=!4m7!3m6!1s0x3e2f19be4423a24f:0x34abaf958b6e6d4a!8m2!3d24.5597495!4d46.5545772!16s%2Fg%2F11t_gwm432!19sChIJT6IjRL4ZLz4RSm1ui5WvqzQ?authuser=0&hl=ar&rclk=1,حضانه,5.0,(1),حضانة أطفال,,,نمار,,,غرب الرياض
https://www.google.com/maps/place/%D8%B1%D9%88%D8%B6%D8%A9+%D8%A7%D9%84%D8%AC%D9%8A%D9%84+%D8%A7%D9%84%D9%88%D8%A7%D8%B9%D8%AF+%D9%84%D8%B1%D9%8A%D8%A7%D8%B6+%D8%A7%D9%84%D8%A3%D8%B7%D9%81%D8%A7%D9%84%E2%80%AD/data=!4m7!3m6!1s0x3e2f11fccd72119f:0xa25f8fe463990be5!8m2!3d24.5560992!4d46.6133973!16s%2Fg%2F11h15xd552!19sChIJnxFyzfwRLz4R5QuZY-SPX6I?authuser=0&hl=ar&rclk=1,روضة الجيل الواعد لرياض الأطفال,4.2,(247),مدرسة,053 477 1477,,نمار,,,غرب الرياض
https://www.google.com/maps/place/%D8%A7%D9%84%D8%B9%D9%88%D8%A7%D9%84%D9%8A%E2%80%AD/data=!4m7!3m6!1s0x3e2f112a26bc41e9:0xa7fb070c1c60f98a!8m2!3d24.5584212!4d46.6100246!16s%2Fg%2F11v0j7jqn1!19sChIJ6UG8JioRLz4RivlgHAwH-6c?authuser=0&hl=ar&rclk=1,العوالي,5.0,(1),حضانة أطفال,,https://ssl.gstatic.com/local/servicebusiness/default_user.png,نمار,,,غرب الرياض
https://www.google.com/maps/place/%D8%AD%D8%B6%D8%A7%D9%86%D8%A9+%D8%A7%D8%B7%D9%81%D8%A7%D9%84+%D8%A7%D9%84%D8%BA%D8%AF+%D9%81%D8%B1%D8%B9+%D9%84%D8%A8%D9%86+%D9%A1%E2%80%AD/data=!4m7!3m6!1s0x3e2f1f55b7ae0c73:0x7d7dd7fc4771699c!8m2!3d24.609042!4d46.5200659!16s%2Fg%2F11csqdz5d4!19sChIJcwyut1UfLz4RnGlxR_zXfX0?authuser=0&hl=ar&rclk=1,حضانة اطفال الغد فرع لبن ١,3.8,(85),مدرسة,058 300 0484,,ظهرة لبن,,,غرب الرياض
https://www.google.com/maps/place/%D9%85%D8%B1%D9%83%D8%B2+%D8%B2%D9%8A%D9%86%D8%A9+%D8%A7%D9%84%D8%AF%D9%86%D9%8A%D8%A7+%D9%84%D8%B6%D9%8A%D8%A7%D9%81%D8%A9+%D8%A7%D9%84%D8%A3%D8%B7%D9%81%D8%A7%D9%84%E2%80%AD/data=!4m7!3m6!1s0x3e2f1f8f4238c0a3:0x42fac61a711b8f87!8m2!3d24.6483097!4d46.5773906!16s%2Fg%2F11qm0hbqb_!19sChIJo8A4Qo8fLz4Rh48bcRrG-kI?authuser=0&hl=ar&rclk=1,مركز زينة الدنيا لضيافة الأطفال,4.5,(107),مدرسة,053 513 4660,,ظهرة لبن,,,غرب الرياض
https://www.google.com/maps/place/%D8%AD%D8%B6%D8%A7%D9%86%D8%A9+%D8%B8%D9%84+%D8%A7%D9%84%D9%87%D9%86%D8%A7%D8%A1%E2%80%AD/data=!4m7!3m6!1s0x3e2f1f76d763d2cf:0x5f975047187a638b!8m2!3d24.6336151!4d46.56459!16s%2Fg%2F11tx4ypzrb!19sChIJz9Jj13YfLz4Ri2N6GEdQl18?authuser=0&hl=ar&rclk=1,حضانة ظل الهناء,4.4,(78),حضانة أطفال,056 778 3991,,ظهرة لبن,,,غرب الرياض
https://www.google.com/maps/place/%D8%AD%D8%B6%D8%A7%D9%86%D8%A9+%D8%A7%D8%B7%D9%81%D8%A7%D9%84+%D8%A7%D9%84%D8%BA%D8%AF+%D9%81%D8%B1%D8%B9+%D9%A2%E2%80%AD/data=!4m7!3m6!1s0x3e2f1f98133ff513:0x5a4e426eda197e55!8m2!3d24.6427292!4d46.5532781!16s%2Fg%2F11k43fj7_5!19sChIJE_U_E5gfLz4RVX4Z2m5CTlo?authuser=0&hl=ar&rclk=1,حضانة اطفال الغد فرع ٢,4.5,(28),مدرسة,057 000 3250,,ظهرة لبن,,,غرب الرياض
https://www.google.com/maps/place/%D8%AD%D8%B6%D8%A7%D9%86%D8%A9+%D9%85%D8%A7%D9%85%D8%A7+%D8%B3%D8%A7%D8%B1%D8%A9%E2%80%AD/data=!4m7!3m6!1s0x3e2f1f2dcacc0f67:0x7244ea9cc0f368ec!8m2!3d24.6258982!4d46.5475307!16s%2Fg%2F11c5648m70!19sChIJZw_Myi0fLz4R7GjzwJzqRHI?authuser=0&hl=ar&rclk=1,حضانة ماما سارة,4.1,(49),حضانة,059 290 0009,,ظهرة لبن,,,غرب الرياض
https://www.google.com/maps/place/%D9%85%D8%B1%D9%83%D8%B2+%D9%82%D8%B5%D8%B5+%D8%A7%D9%84%D8%A7%D8%B7%D9%81%D8%A7%D9%84+%D9%84%D8%B6%D9%8A%D8%A7%D9%81%D8%A9+%D8%A7%D9%84%D8%A7%D8%B7%D9%81%D8%A7%D9%84%E2%80%AD/data=!4m7!3m6!1s0x3e2f1f90cac2da21:0xfd8e7f5a698390db!8m2!3d24.6383904!4d46.5606851!16s%2Fg%2F11pttpntf8!19sChIJIdrCypAfLz4R25CDaVp_jv0?authuser=0&hl=ar&rclk=1,مركز قصص الاطفال لضيافة الاطفال,4.3,(37),حضانة أطفال,055 707 6798,,ظهرة لبن,,,غرب الرياض
https://www.google.com/maps/place/%D9%83%D9%8A%D8%AF+%D9%81%D8%B1%D8%B3%D8%AA+%D9%84%D8%B6%D9%8A%D8%A7%D9%81%D8%A9+%D8%A7%D9%84%D8%A7%D8%B7%D9%81%D8%A7%D9%84%E2%80%AD/data=!4m7!3m6!1s0x3e2f1f000dba2a67:0x5afba01b47cc077a!8m2!3d24.6272153!4d46.5429685!16s%2Fg%2F11vm1_6vp8!19sChIJZyq6DQAfLz4RegfMRxug-1o?authuser=0&hl=ar&rclk=1,كيد فرست لضيافة الاطفال,4.6,(87),حضانة أطفال,,,ظهرة لبن,,,غرب الرياض
https://www.google.com/maps/place/%D9%85%D8%B1%D9%83%D8%B2+%D8%A7%D9%84%D8%AE%D8%B7%D9%88%D8%A9+%D8%A7%D9%84%D9%85%D8%A8%D9%83%D8%B1%D8%A9+%D9%84%D8%AD%D8%B6%D8%A7%D9%86%D8%A9+%D9%88%D8%B6%D9%8A%D8%A7%D9%81%D8%A9+%D8%A7%D9%84%D8%A7%D8%B7%D9%81%D8%A7%D9%84%E2%80%AD/data=!4m7!3m6!1s0x3e2f1f106c99f263:0xc6193fe1531ba94d!8m2!3d24.6078855!4d46.5256368!16s%2Fg%2F11s49b8gw1!19sChIJY_KZbBAfLz4RTakbU-E_GcY?authuser=0&hl=ar&rclk=1,مركز الخطوة المبكرة لحضانة وضيافة الاطفال,3.7,(40),حضانة أطفال,055 633 3870,,ظهرة لبن,,,غرب الرياض
https://www.google.com/maps/place/%D8%B1%D9%88%D8%B6%D8%A9+%D8%B3%D9%86%D8%A7+%D8%A7%D9%84%D8%B7%D9%81%D9%88%D9%84%D8%A9%E2%80%AD/data=!4m7!3m6!1s0x3e2f1f4a689963b7:0xaec29307edda732f!8m2!3d24.6362342!4d46.5577008!16s%2Fg%2F11f54lmcrs!19sChIJt2OZaEofLz4RL3Pa7QeTwq4?authuser=0&hl=ar&rclk=1,روضة سنا الطفولة,4.2,(300),مدرسة,053 854 2001,,ظهرة لبن,,,غرب الرياض
https://www.google.com/maps/place/%D9%88%D9%85%D8%B6%D9%87+%D9%84%D8%B6%D9%8A%D8%A7%D9%81%D8%A9+%D8%A7%D9%84%D8%A3%D8%B7%D9%81%D8%A7%D9%84%E2%80%AD/data=!4m7!3m6!1s0x3e2f19d3479cfce9:0xa4a6b7a5e298565d!8m2!3d24.6212338!4d46.5686879!16s%2Fg%2F11w3h6h00j!19sChIJ6fycR9MZLz4RXVaY4qW3pqQ?authuser=0&hl=ar&rclk=1,ومضه لضيافة الأطفال,5.0,(30),حضانة أطفال,059 128 6800,,ظهرة لبن,,,غرب الرياض
https://www.google.com/maps/place/Kids+stories/data=!4m7!3m6!1s0x3e2f1f7b4962ded7:0x8f1eefcce50a19bb!8m2!3d24.6383508!4d46.5607144!16s%2Fg%2F11t171ksnk!19sChIJ195iSXsfLz4RuxkK5czvHo8?authuser=0&hl=ar&rclk=1,Kids stories,4.5,(2),حضانة أطفال,055 707 6798,,ظهرة لبن,,,غرب الرياض
https://www.google.com/maps/place/%D9%85%D8%B1%D9%83%D8%B2+%D8%B2%D9%8A%D9%86%D8%A9+%D8%A7%D9%84%D8%AF%D9%86%D9%8A%D8%A7+%D9%84%D8%B6%D9%8A%D8%A7%D9%81%D8%A9+%D8%A7%D9%84%D8%A3%D8%B7%D9%81%D8%A7%D9%842%E2%80%AD/data=!4m7!3m6!1s0x3e2f19002124ee1b:0xcabbcb1ed727ac3e!8m2!3d24.60789!4d46.5256076!16s%2Fg%2F11vxlvtyvn!19sChIJG-4kIQAZLz4RPqwn1x7Lu8o?authuser=0&hl=ar&rclk=1,مركز زينة الدنيا لضيافة الأطفال2,4.9,(30),حضانة أطفال,055 633 3870,,ظهرة لبن,,,غرب الرياض
https://www.google.com/maps/place/%D9%85%D8%B1%D9%83%D8%B2+%D8%A7%D9%84%D8%A3%D9%81%D8%B6%D9%84%E2%80%AD/data=!4m7!3m6!1s0x3e2f194852e0b567:0xa1e00fb2120f92e0!8m2!3d24.6372232!4d46.5454765!16s%2Fg%2F11vj2rp229!19sChIJZ7XgUkgZLz4R4JIPErIP4KE?authuser=0&hl=ar&rclk=1,مركز الأفضل,4.8,(23),حضانة أطفال,054 800 6339,,ظهرة لبن,,,غرب الرياض
https://www.google.com/maps/place/%D9%85%D8%B1%D9%83%D8%B2+%D8%A7%D9%84%D9%81%D9%86%D8%A7%D9%86%D9%88%D9%86+%D8%A7%D9%84%D8%B5%D8%BA%D8%A7%D8%B1+%D9%84%D8%B6%D9%8A%D8%A7%D9%81%D8%A9+%D8%A7%D9%84%D8%A3%D8%B7%D9%81%D8%A7%D9%84%E2%80%AD/data=!4m7!3m6!1s0x3e2f1fec32c9e8cf:0xcebc10094dd120fd!8m2!3d24.6447854!4d46.5739689!16s%2Fg%2F11t959x161!19sChIJz-jJMuwfLz4R_SDRTQkQvM4?authuser=0&hl=ar&rclk=1,مركز الفنانون الصغار لضيافة الأطفال,4.4,(55),رياض أطفال,055 725 7938,,ظهرة لبن,,,غرب الرياض
https://www.google.com/maps/place/%D8%AC%D9%86%D8%A9+%D8%A7%D9%84%D8%B5%D8%BA%D8%A7%D8%B1+%D8%B6%D9%8A%D8%A7%D9%81%D8%A9+%D8%A7%D9%84%D8%A7%D8%B7%D9%81%D8%A7%D9%84%E2%80%AD/data=!4m7!3m6!1s0x3e2f1f972b4fa5d7:0xb3bedc3fa6e4ec9c!8m2!3d24.6256828!4d46.5530506!16s%2Fg%2F11sw3ll5g6!19sChIJ16VPK5cfLz4RnOzkpj_cvrM?authuser=0&hl=ar&rclk=1,جنة الصغار ضيافة الاطفال,5.0,(17),حضانة,055 785 4344,,ظهرة لبن,,,غرب الرياض
https://www.google.com/maps/place/%D8%B1%D9%88%D8%B6%D8%A9+%D8%A7%D8%B3%D8%B3+%D8%A5%D8%B1%D8%AA%D9%82%D8%A7%D8%A1+%D8%A7%D9%84%D9%85%D8%B9%D8%B1%D9%81%D8%A9+%D9%84%D8%B1%D9%8A%D8%A7%D8%B6+%D8%A7%D9%84%D8%A7%D8%B7%D9%81%D8%A7%D9%84%E2%80%AD/data=!4m7!3m6!1s0x3e2f1f26ccee6f67:0x3d5cc0184baa158a!8m2!3d24.6198228!4d46.5183651!16s%2Fg%2F11lql2906k!19sChIJZ2_uzCYfLz4RihWqSxjAXD0?authuser=0&hl=ar&rclk=1,روضة اسس إرتقاء المعرفة لرياض الاطفال,4.3,(96),حضانة أطفال,054 700 4576,,ظهرة لبن,,,غرب الرياض
https://www.google.com/maps/place/%D9%85%D8%B1%D9%83%D8%B2+%D8%A3%D8%B1%D8%B6+%D8%A7%D9%84%D8%B7%D9%81%D9%88%D9%84%D8%A9+%D9%88%D8%A7%D9%84%D9%85%D8%B1%D8%AD+%D9%84%D8%B6%D9%8A%D8%A7%D9%81%D8%A9+%D8%A7%D9%84%D8%A3%D8%B7%D9%81%D8%A7%D9%84%E2%80%AD/data=!4m7!3m6!1s0x3e2f1f00012a818d:0xa8bdccd6dbf02d18!8m2!3d24.6241198!4d46.5464512!16s%2Fg%2F11y50mzl0y!19sChIJjYEqAQAfLz4RGC3w29bMvag?authuser=0&hl=ar&rclk=1,مركز أرض الطفولة والمرح لضيافة الأطفال,4.4,(16),حضانة أطفال,055 390 9911,,ظهرة لبن,,,غرب الرياض
https://www.google.com/maps/place/%D9%85%D8%B1%D9%83%D8%B2+%D8%A7%D9%84%D8%A3%D9%8A%D8%A7%D8%AF%D9%8A+%D8%A7%D9%84%D8%A8%D9%8A%D8%B6%D8%A7%D8%A1+%D8%A7%D9%84%D9%85%D9%85%D9%8A%D8%B2%D8%A9+%D9%84%D8%B6%D9%8A%D8%A7%D9%81%D8%A9+%D8%A7%D9%84%D8%A3%D8%B7%D9%81%D8%A7%D9%84%E2%80%AD/data=!4m7!3m6!1s0x3e2f1f0043c620ef:0x23a4f1e2a289189a!8m2!3d24.6351321!4d46.5352993!16s%2Fg%2F11wblfgqhf!19sChIJ7yDGQwAfLz4RmhiJouLxpCM?authuser=0&hl=ar&rclk=1,مركز الأيادي البيضاء المميزة لضيافة الأطفال,4.6,(22),حضانة أطفال,055 945 1996,,ظهرة لبن,,,غرب الرياض
https://www.google.com/maps/place/%D9%85%D8%B1%D9%83%D8%B2+%D8%A3%D8%B4%D8%A8%D8%A7%D9%84+%D8%A7%D9%84%D9%85%D8%B3%D8%AA%D9%82%D8%A8%D9%84+%D9%84%D8%B1%D8%B9%D8%A7%D9%8A%D8%A9+%D8%A7%D9%84%D8%A3%D8%B7%D9%81%D8%A7%D9%84%E2%80%AD/data=!4m7!3m6!1s0x3e2f1f088448500d:0xdd2c2861b10d2376!8m2!3d24.6316405!4d46.5556604!16s%2Fg%2F11rq2grsyj!19sChIJDVBIhAgfLz4RdiMNsWEoLN0?authuser=0&hl=ar&rclk=1,مركز أشبال المستقبل لرعاية الأطفال,5.0,(4),حضانة أطفال,055 188 5291,,ظهرة لبن,,,غرب الرياض
https://www.google.com/maps/place/%D9%85%D8%AF%D8%A7%D8%B1%D8%B3+%D8%A7%D9%84%D8%A3%D9%81%D9%82+%D8%A7%D9%84%D8%B9%D8%A7%D9%84%D9%85%D9%8A%D8%A9+%28%D9%81%D8%B1%D8%B9+%2F+%D8%B8%D9%87%D8%B1%D8%A9+%D9%84%D8%A8%D9%86%29%E2%80%AD/data=!4m7!3m6!1s0x3e2f0312a466f30f:0xe4d6b7dbfc3bb2fd!8m2!3d24.6329504!4d46.5482307!16s%2Fg%2F11h5557chj!19sChIJD_NmpBIDLz4R_bI7_Nu31uQ?authuser=0&hl=ar&rclk=1,مدارس الأفق العالمية (فرع / ظهرة لبن),4.6,(8),رياض أطفال,011 460 4646,,ظهرة لبن,,,غرب الرياض
https://www.google.com/maps/place/%D8%A7%D9%84%D8%B1%D9%88%D8%B6%D8%A9+210%E2%80%AD/data=!4m7!3m6!1s0x3e2f1f8d3e89c87d:0xb83487e394d4358!8m2!3d24.6516103!4d46.5823662!16s%2Fg%2F11q93z5dq1!19sChIJfciJPo0fLz4RWENNOX5Igws?authuser=0&hl=ar&rclk=1,الروضة 210,3.1,(20),رياض أطفال,055 024 1735,,ظهرة لبن,,,غرب الرياض
https://www.google.com/maps/place/%D8%AD%D8%B6%D8%A7%D9%86%D8%A9+%D8%A8%D8%B1%D8%A7%D8%B9%D9%85+%D9%85%D9%86%D8%B2%D9%84%D9%8A%D8%A9+%D9%88+%D8%AF%D8%B1%D9%88%D8%B3+%D8%AE%D8%B5%D9%88%D8%B5%D9%8A%D8%A9%E2%80%AD/data=!4m7!3m6!1s0x3e2f2144cfc56e91:0x40dcb2e0523aac6e!8m2!3d24.6207137!4d46.5149038!16s%2Fg%2F11tdllx1b4!19sChIJkW7Fz0QhLz4Rbqw6UuCy3EA?authuser=0&hl=ar&rclk=1,حضانة براعم منزلية و دروس خصوصية,3.0,(2),حضانة أطفال,058 093 9330,,ظهرة لبن,,,غرب الرياض
https://www.google.com/maps/place/%D8%B1%D9%88%D8%B6%D8%A9+%D9%A1%D9%A7%D9%A9%E2%80%AD/data=!4m7!3m6!1s0x3e2f217045726303:0x28684d1c68d85f2b!8m2!3d24.6174594!4d46.5106882!16s%2Fg%2F11qbffdd81!19sChIJA2NyRXAhLz4RK1_YaBxNaCg?authuser=0&hl=ar&rclk=1,روضة ١٧٩,3.5,(25),حضانة أطفال,,,ظهرة لبن,,,غرب الرياض
https://www.google.com/maps/place/%D8%AF%D8%A7%D8%B1+%D8%B1%D9%88%D8%B6%D8%A7%D8%AA+%D8%A7%D9%84%D8%AC%D9%86%D8%A7%D9%86+%D8%A7%D9%84%D9%86%D8%B3%D8%A7%D8%A6%D9%8A%D8%A9%E2%80%AD/data=!4m7!3m6!1s0x3e2f1c008d19cafb:0x351bff1245b25753!8m2!3d24.6409891!4d46.5962334!16s%2Fg%2F11c2l10fk5!19sChIJ-8oZjQAcLz4RU1eyRRL_GzU?authuser=0&hl=ar&rclk=1,دار روضات الجنان النسائية,4.4,(19),مؤسسة تعليمية,011 212 1213,,ظهرة لبن,,,غرب الرياض
https://www.google.com/maps/place/%D8%A7%D9%84%D8%B1%D9%88%D8%B6%D8%A9+%D9%A7%D9%A8+%D8%A8%D8%B8%D9%87%D8%B1%D8%A9+%D9%84%D8%A8%D9%86%E2%80%AD/data=!4m7!3m6!1s0x3e2f192d4daac5b9:0x96a13ae8ec186934!8m2!3d24.6279872!4d46.5639616!16s%2Fg%2F11c1sjt6n8!19sChIJucWqTS0ZLz4RNGkY7Og6oZY?authuser=0&hl=ar&rclk=1,الروضة ٧٨ بظهرة لبن,3.8,(40),مدرسة,011 436 0334,,ظهرة لبن,,,غرب الرياض
https://www.google.com/maps/place/%D8%B1%D9%88%D8%B6%D8%A9+%D8%A3%D8%B7%D9%81%D8%A7%D9%84%E2%80%AD/data=!4m7!3m6!1s0x3e2f2198c30d8f2d:0xdbd93adeefb93c8b!8m2!3d24.6169857!4d46.510893!16s%2Fg%2F11h3b298jt!19sChIJLY8Nw5ghLz4Rizy579462ds?authuser=0&hl=ar&rclk=1,روضة أطفال,1.8,(5),مدرسة,,,ظهرة لبن,,,غرب الرياض
https://www.google.com/maps/place/%D9%85%D8%AF%D8%B1%D8%B3%D9%87+%D8%B5%D8%B1%D8%AD+%D8%A7%D9%84%D8%B7%D9%81%D9%88%D9%84%D9%87+%D8%A7%D9%84%D8%A7%D9%87%D9%84%D9%8A%D9%87%E2%80%AD/data=!4m7!3m6!1s0x3e2f199fd56e52bf:0x6dabe4398b456b83!8m2!3d24.6221147!4d46.5700584!16s%2Fg%2F11g2317qmr!19sChIJv1Ju1Z8ZLz4Rg2tFiznkq20?authuser=0&hl=ar&rclk=1,مدرسه صرح الطفوله الاهليه,4.1,(168),مدرسة,054 496 9647,,ظهرة لبن,,,غرب الرياض
https://www.google.com/maps/place/%D8%A7%D9%84%D8%B1%D8%A7%D8%A8%D9%8A%D8%A9%E2%80%AD/data=!4m7!3m6!1s0x3e2f1ffc6239964d:0x63c344100578e088!8m2!3d24.6342251!4d46.5402816!16s%2Fg%2F11rtwh1jjp!19sChIJTZY5YvwfLz4RiOB4BRBEw2M?authuser=0&hl=ar&rclk=1,الرابية,,,حضانة أطفال,,,ظهرة لبن,,,غرب الرياض
https://www.google.com/maps/place/%D8%B1%D9%88%D8%B6%D8%A9+%D9%88%D8%AD%D8%B6%D8%A7%D9%86%D8%A9+%D9%85%D8%AF%D9%8A%D9%86%D8%A9+%D8%A7%D9%84%D8%B7%D9%81%D9%84+%D8%A7%D9%84%D8%A3%D9%87%D9%84%D9%8A%D8%A9%E2%80%AD/data=!4m7!3m6!1s0x3e2f210e1f286e59:0xfa38e95701acd566!8m2!3d24.6461806!4d46.5052798!16s%2Fg%2F11rf6s1bhg!19sChIJWW4oHw4hLz4RZtWsAVfpOPo?authuser=0&hl=ar&rclk=1,روضة وحضانة مدينة الطفل الأهلية,4.4,(92),حضانة أطفال,055 865 8742,,ظهرة لبن,,,غرب الرياض
https://www.google.com/maps/place/%D8%B1%D9%88%D8%B6%D8%A9+%D9%A5%D9%A1%E2%80%AD/data=!4m7!3m6!1s0x3e2f1f37aaf08ae3:0x729e7fcbe86d857e!8m2!3d24.6264762!4d46.5379184!16s%2Fg%2F11c20qcngf!19sChIJ44rwqjcfLz4RfoVt6Mt_nnI?authuser=0&hl=ar&rclk=1,روضة ٥١,3.2,(41),مدرسة,,,ظهرة لبن,,,غرب الرياض
https://www.google.com/maps/place/%D8%B1%D9%88%D8%B6%D9%87+%D8%B7%D9%88%D9%8A%D9%82+%D8%A7%D9%84%D8%A7%D9%88%D9%84%D9%89%E2%80%AD/data=!4m7!3m6!1s0x3e2f1f8e3f7c853b:0x98918b2e5e0d390c!8m2!3d24.6238353!4d46.521062!16s%2Fg%2F11grv4lhpd!19sChIJO4V8P44fLz4RDDkNXi6LkZg?authuser=0&hl=ar&rclk=1,روضه طويق الاولى,3.8,(6),مدرسة,,,ظهرة لبن,,,غرب الرياض
https://www.google.com/maps/place/zala+alsalam/data=!4m7!3m6!1s0x3e2f1f91b9f807f5:0x1af0b9f817f49006!8m2!3d24.6334389!4d46.5638316!16s%2Fg%2F11k3fbdr_r!19sChIJ9Qf4uZEfLz4RBpD0F_i58Bo?authuser=0&hl=ar&rclk=1,zala alsalam,,,حضانة أطفال,,,ظهرة لبن,,,غرب الرياض
https://www.google.com/maps/place/%D9%85%D8%B1%D9%83%D8%B2+%D8%A7%D9%84%D9%88%D8%B1%D9%88%D8%AF+%D8%A7%D9%84%D8%B5%D8%BA%D9%8A%D8%B1%D8%A9+%D9%84%D8%B6%D9%8A%D8%A7%D9%81%D8%A9+%D8%A7%D9%84%D8%A3%D8%B7%D9%81%D8%A7%D9%84%E2%80%AD/data=!4m7!3m6!1s0x3e2f21b6e0e8707f:0x480881de7c5a3c4c!8m2!3d24.633706!4d46.4834851!16s%2Fg%2F11tc3_10p6!19sChIJf3Do4LYhLz4RTDxafN6BCEg?authuser=0&hl=ar&rclk=1,مركز الورود الصغيرة لضيافة الأطفال,4.7,(57),حضانة أطفال,056 105 5664,,ظهرة لبن,,,غرب الرياض
https://www.google.com/maps/place/%D9%85%D8%B1%D9%83%D8%B2+%D8%B7%D9%81%D9%84%D9%8A+%D9%84%D9%84%D8%B1%D8%B9%D8%A7%D9%8A%D8%A9+%D8%A7%D9%84%D9%86%D9%87%D8%A7%D8%B1%D9%8A%D8%A9%E2%80%AD/data=!4m7!3m6!1s0x3e2f1a9a1c4703b9:0x3424e00470593294!8m2!3d24.5905054!4d46.6461774!16s%2Fg%2F11c1nqtgzp!19sChIJuQNHHJoaLz4RlDJZcATgJDQ?authuser=0&hl=ar&rclk=1,مركز طفلي للرعاية النهارية,3.9,(59),حضانة,055 625 8999,,ظهرة لبن,,,غرب الرياض
https://www.google.com/maps/place/%D9%85%D8%B1%D9%83%D8%B2+%D8%B1%D9%88%D8%B9%D8%A9+%D8%A7%D9%84%D8%B7%D9%81%D9%88%D9%84%D8%A9+%D9%84%D8%B6%D9%8A%D8%A7%D9%81%D8%A9+%D8%A7%D9%84%D8%A3%D8%B7%D9%81%D8%A7%D9%84%E2%80%AD/data=!4m7!3m6!1s0x3e2f1978efe85f35:0x40bd100efca170fd!8m2!3d24.6001453!4d46.5866256!16s%2Fg%2F11f101xc62!19sChIJNV_o73gZLz4R_XCh_A4QvUA?authuser=0&hl=ar&rclk=1,مركز روعة الطفولة لضيافة الأطفال,4.3,(116),مدرسة,050 484 0051,,ظهرة لبن,,,غرب الرياض
https://www.google.com/maps/place/%D9%85%D8%AF%D8%B1%D8%B3%D8%A9+%D8%A3%D9%87%D9%84%D9%8A%D8%A9+%D9%85%D9%82%D9%81%D9%84%D9%87%E2%80%AD/data=!4m7!3m6!1s0x3e2f1f007e1d4ab7:0x6c154e285c428f6b!8m2!3d24.6450693!4d46.5506072!16s%2Fg%2F11vsh_qzzb!19sChIJt0odfgAfLz4Ra49CXChOFWw?authuser=0&hl=ar&rclk=1,مدرسة أهلية مقفله,,,حضانة أطفال,,,ظهرة لبن,,,غرب الرياض
https://www.google.com/maps/place/%D8%AD%D8%B1%D9%88%D9%81+%D9%88%D8%A3%D8%B1%D9%82%D8%A7%D9%85+%D9%84%D8%B6%D9%8A%D8%A7%D9%81%D8%A9+%D8%A7%D9%84%D8%A3%D8%B7%D9%81%D8%A7%D9%84+%D8%A7%D9%84%D8%A7%D9%87%D9%84%D9%8A%D8%A9%E2%80%AD/data=!4m7!3m6!1s0x418ca065d72b5b27:0x896dbef939b663d1!8m2!3d24.5686945!4d46.6280385!16s%2Fg%2F11x0yjdmj5!19sChIJJ1sr12WgjEER0WO2Ofm-bYk?authuser=0&hl=ar&rclk=1,حروف وأرقام لضيافة الأطفال الاهلية,5.0,(18),حضانة أطفال,050 155 1628,,ظهرة لبن,,,غرب الرياض
https://www.google.com/maps/place/%D9%85%D8%B1%D9%83%D8%B2+%D8%AA%D9%88%D8%AA%D9%87+%D9%84%D8%B6%D9%8A%D8%A7%D9%81%D8%A9+%D8%A7%D9%84%D8%A3%D8%B7%D9%81%D8%A7%D9%84%E2%80%AD/data=!4m7!3m6!1s0x3e2f19be0a5a71a9:0xe7a366c23d19c9d6!8m2!3d24.5685909!4d46.5268824!16s%2Fg%2F11thkrypjm!19sChIJqXFaCr4ZLz4R1skZPcJmo-c?authuser=0&hl=ar&rclk=1,مركز توته لضيافة الأطفال,4.5,(74),حضانة أطفال,053 182 5258,,ظهرة لبن,,,غرب الرياض
https://www.google.com/maps/place/%D8%A7%D8%AD%D8%A8%D8%A8%D9%83+%D9%84%D9%8A%D8%A7%D9%86%E2%9D%A4%EF%B8%8F%E2%9D%A4%EF%B8%8F%E2%80%AD/data=!4m7!3m6!1s0x3e2f1b005899e7cd:0x851e176d04f8063f!8m2!3d24.6364785!4d46.6204914!16s%2Fg%2F11lmpsmxvy!19sChIJzeeZWAAbLz4RPwb4BG0XHoU?authuser=0&hl=ar&rclk=1,احببك ليان❤️❤️,1.0,(4),حضانة أطفال,,,ظهرة لبن,,,غرب الرياض
https://www.google.com/maps/place/%D8%B1%D9%88%D8%B6%D8%A9+%D9%88%D8%AD%D8%B6%D8%A7%D9%86%D8%A9+%D9%85%D8%AF%D9%8A%D9%86%D8%A9+%D8%A7%D9%84%D8%B7%D9%81%D9%84+%D8%A7%D9%84%D8%A3%D9%87%D9%84%D9%8A%D8%A9%E2%80%AD/data=!4m7!3m6!1s0x3e2f210e1f286e59:0xfa38e95701acd566!8m2!3d24.6461806!4d46.5052798!16s%2Fg%2F11rf6s1bhg!19sChIJWW4oHw4hLz4RZtWsAVfpOPo?authuser=0&hl=ar&rclk=1,روضة وحضانة مدينة الطفل الأهلية,4.4,(92),حضانة أطفال,055 865 8742,,المهدية,,,غرب الرياض
https://www.google.com/maps/place/%D9%85%D8%B1%D9%83%D8%B2+%D8%A7%D9%84%D9%88%D8%B1%D9%88%D8%AF+%D8%A7%D9%84%D8%B5%D8%BA%D9%8A%D8%B1%D8%A9+%D9%84%D8%B6%D9%8A%D8%A7%D9%81%D8%A9+%D8%A7%D9%84%D8%A3%D8%B7%D9%81%D8%A7%D9%84%E2%80%AD/data=!4m7!3m6!1s0x3e2f21b6e0e8707f:0x480881de7c5a3c4c!8m2!3d24.633706!4d46.4834851!16s%2Fg%2F11tc3_10p6!19sChIJf3Do4LYhLz4RTDxafN6BCEg?authuser=0&hl=ar&rclk=1,مركز الورود الصغيرة لضيافة الأطفال,4.7,(57),حضانة أطفال,056 105 5664,,المهدية,,,غرب الرياض
https://www.google.com/maps/place/%D9%85%D8%AF%D8%B1%D8%B3%D8%A9+%D8%B7%D8%B1%D9%8A%D9%82+%D8%A7%D9%84%D9%81%D8%AC%D8%B1+%D8%A7%D9%84%D8%A7%D9%87%D9%84%D9%8A%D8%A9%E2%80%AD/data=!4m7!3m6!1s0x3e2f214879cdbebf:0x637507c82f30f201!8m2!3d24.6350067!4d46.4722856!16s%2Fg%2F11pv91_j1m!19sChIJv77NeUghLz4RAfIwL8gHdWM?authuser=0&hl=ar&rclk=1,مدرسة طريق الفجر الاهلية,4.4,(49),مدرسة,050 947 0866,,المهدية,,,غرب الرياض
https://www.google.com/maps/place/%D9%85%D8%AF%D8%B1%D8%B3%D8%A9+%D8%B9%D8%B1%D9%8A%D9%86+%D8%A7%D9%84%D8%B4%D8%A8%D9%84+%D9%84%D8%B1%D9%8A%D8%A7%D8%B6+%D8%A7%D9%84%D8%A3%D8%B7%D9%81%D8%A7%D9%84+%D8%A7%D9%84%D8%A3%D9%87%D9%84%D9%8A%D9%87%E2%80%AD/data=!4m7!3m6!1s0x3e2f2112b0df5ce3:0x68c912de6457e63d!8m2!3d24.6525533!4d46.5100064!16s%2Fg%2F11s8hlfrbj!19sChIJ41zfsBIhLz4RPeZXZN4SyWg?authuser=0&hl=ar&rclk=1,مدرسة عرين الشبل لرياض الأطفال الأهليه,3.9,(42),رياض أطفال,055 984 5843,,المهدية,,,غرب الرياض
https://www.google.com/maps/place/%D8%B1%D9%88%D8%B6%D9%87+%D8%B9%D9%8A%D8%A7%D9%84%D9%86%D8%A7%F0%9F%92%8B%E2%80%AD/data=!4m7!3m6!1s0x3e2f210028880c99:0x2fa5e589f079e457!8m2!3d24.6461682!4d46.5053566!16s%2Fg%2F11w9y243cz!19sChIJmQyIKAAhLz4RV-R58InlpS8?authuser=0&hl=ar&rclk=1,روضه عيالنا💋,,,حضانة أطفال,,,المهدية,,,غرب الرياض
https://www.google.com/maps/place/%D8%AD%D8%B6%D8%A7%D9%86%D8%A9+%D8%A3%D8%AC%D9%8A%D8%A7%D9%84+%D8%A7%D9%84%D9%85%D9%87%D8%AF%D9%8A%D8%A9%E2%80%AD/data=!4m7!3m6!1s0x3e2f21c79612d65d:0x9e83adf9217015fb!8m2!3d24.6443088!4d46.5023308!16s%2Fg%2F11sfph1yx2!19sChIJXdYSlschLz4R-xVwIfmtg54?authuser=0&hl=ar&rclk=1,حضانة أجيال المهدية,1.0,(2),حضانة أطفال,057 106 0505,,المهدية,,,غرب الرياض
https://www.google.com/maps/place/%D9%85%D8%B1%D9%83%D8%B2+%D9%85%D9%88%D9%87%D8%A8%D8%A9+%D8%A7%D9%84%D8%B7%D9%81%D9%88%D9%84%D8%A9%E2%80%AD/data=!4m7!3m6!1s0x3e2f1e7a5793483b:0xd47488e97bd42399!8m2!3d24.6806774!4d46.5853129!16s%2Fg%2F11c47y0qq4!19sChIJO0iTV3oeLz4RmSPUe-mIdNQ?authuser=0&hl=ar&rclk=1,مركز موهبة الطفولة,4.0,(99),رياض أطفال,055 228 0303,,عرقة,,,غرب الرياض
https://www.google.com/maps/place/Sh3/data=!4m7!3m6!1s0x3e2f1f07a2b8a639:0xcce3d47ce3328344!8m2!3d24.6826889!4d46.5743909!16s%2Fg%2F11y1zxdjf3!19sChIJOaa4ogcfLz4RRIMy43zU48w?authuser=0&hl=ar&rclk=1,Sh3,4.3,(3),حضانة أطفال,,,عرقة,,,غرب الرياض
https://www.google.com/maps/place/%D8%A7%D9%84%D8%B1%D9%88%D8%B6%D8%A9+%D9%A6%D9%A3+%D8%B9%D8%B1%D9%82%D8%A9%E2%80%AD/data=!4m7!3m6!1s0x3e2f1d4aa584da49:0x5ef06d719263200d!8m2!3d24.690665!4d46.6020221!16s%2Fg%2F11h1r93y1k!19sChIJSdqEpUodLz4RDSBjknFt8F4?authuser=0&hl=ar&rclk=1,الروضة ٦٣ عرقة,3.9,(15),رياض أطفال,011 281 4235,,عرقة,,,غرب الرياض
https://www.google.com/maps/place/%D8%A7%D9%84%D8%B1%D9%88%D8%B6%D8%A9+%D8%A7%D9%84%D8%B1%D8%A7%D8%A8%D8%B9%D8%A9+%D8%A8%D8%B9%D8%B1%D9%82%D8%A9%E2%80%AD/data=!4m7!3m6!1s0x3e2f1f392ef265ef:0xf4be8a59fc5938b!8m2!3d24.6773764!4d46.5932349!16s%2Fg%2F11rwq13b_x!19sChIJ72XyLjkfLz4Ri5PFn6XoSw8?authuser=0&hl=ar&rclk=1,الروضة الرابعة بعرقة,3.7,(15),رياض أطفال,,,عرقة,,,غرب الرياض
https://www.google.com/maps/place/%D9%85%D8%B1%D9%83%D8%B2+%D8%B2%D9%8A%D9%86%D8%A9+%D8%A7%D9%84%D8%AF%D9%86%D9%8A%D8%A7+%D9%84%D8%B6%D9%8A%D8%A7%D9%81%D8%A9+%D8%A7%D9%84%D8%A3%D8%B7%D9%81%D8%A7%D9%84%E2%80%AD/data=!4m7!3m6!1s0x3e2f1f8f4238c0a3:0x42fac61a711b8f87!8m2!3d24.6483097!4d46.5773906!16s%2Fg%2F11qm0hbqb_!19sChIJo8A4Qo8fLz4Rh48bcRrG-kI?authuser=0&hl=ar&rclk=1,مركز زينة الدنيا لضيافة الأطفال,4.5,(107),مدرسة,053 513 4660,,عرقة,,,غرب الرياض
https://www.google.com/maps/place/%D8%AD%D8%B6%D8%A7%D9%86%D8%A9+%D8%AA%D9%83%D9%88%D9%8A%D9%86%E2%80%AD/data=!4m7!3m6!1s0x3e2f1d0ac53fc5b5:0x2923830fc7f3a133!8m2!3d24.7098886!4d46.6364747!16s%2Fg%2F11gdd0dx_g!19sChIJtcU_xQodLz4RM6Hzxw-DIyk?authuser=0&hl=ar&rclk=1,حضانة تكوين,4.5,(232),حضانة أطفال,055 818 6020,,عرقة,,,غرب الرياض
https://www.google.com/maps/place/%D9%85%D8%B1%D9%83%D8%B2+%D9%82%D8%B5%D8%B5+%D8%A7%D9%84%D8%A7%D8%B7%D9%81%D8%A7%D9%84+%D9%84%D8%B6%D9%8A%D8%A7%D9%81%D8%A9+%D8%A7%D9%84%D8%A7%D8%B7%D9%81%D8%A7%D9%84%E2%80%AD/data=!4m7!3m6!1s0x3e2f1f90cac2da21:0xfd8e7f5a698390db!8m2!3d24.6383904!4d46.5606851!16s%2Fg%2F11pttpntf8!19sChIJIdrCypAfLz4R25CDaVp_jv0?authuser=0&hl=ar&rclk=1,مركز قصص الاطفال لضيافة الاطفال,4.3,(37),حضانة أطفال,055 707 6798,,عرقة,,,غرب الرياض
https://www.google.com/maps/place/%D9%85%D8%AF%D8%B1%D8%B3%D8%A9+%D8%B9%D8%B1%D9%82%D9%87+%D8%A7%D9%84%D8%A7%D9%88%D9%84%D9%89+%D9%84%D9%84%D8%B7%D9%81%D9%88%D9%84%D9%87+%D8%A7%D9%84%D9%85%D8%A8%D9%83%D8%B1%D9%87%E2%80%AD/data=!4m7!3m6!1s0x3e2f1f0037894ef5:0x7087c692db5952b!8m2!3d24.6768538!4d46.5858546!16s%2Fg%2F11lf7bzqg7!19sChIJ9U6JNwAfLz4RK5W1LWl8CAc?authuser=0&hl=ar&rclk=1,مدرسة عرقه الاولى للطفوله المبكره,3.0,(6),رياض أطفال,,,عرقة,,,غرب الرياض
https://www.google.com/maps/place/%D8%AD%D8%B6%D8%A7%D9%86%D8%A9+%D8%B9%D8%A7%D9%84%D9%85+%D8%A7%D9%84%D8%B7%D9%81%D9%84+%D8%B9%D8%B1%D9%82%D9%87.%E2%80%AD/data=!4m7!3m6!1s0x3e2f1f120c51911d:0xa720933893d82e12!8m2!3d24.6852527!4d46.589714!16s%2Fg%2F11gmwl85kp!19sChIJHZFRDBIfLz4REi7YkziTIKc?authuser=0&hl=ar&rclk=1,حضانة عالم الطفل عرقه.,3.5,(8),حضانة أطفال,056 311 5813,,عرقة,,,غرب الرياض
https://www.google.com/maps/place/Smart+Kids+Montessori+preschool/data=!4m7!3m6!1s0x3e2f1d25087762c5:0xe65d97d5e407ed2d!8m2!3d24.7127696!4d46.6137721!16s%2Fg%2F11gr2msy04!19sChIJxWJ3CCUdLz4RLe0H5NWXXeY?authuser=0&hl=ar&rclk=1,Smart Kids Montessori preschool,4.5,(24),رياض أطفال,050 651 1177,https://www.smartkidsmontessori.com/,الخزامى,,,غرب الرياض
https://www.google.com/maps/place/Joury%E2%80%99s+school/data=!4m7!3m6!1s0x3e2f1d083ddcef33:0xaddf8c732dfb21b3!8m2!3d24.7129733!4d46.6136453!16s%2Fg%2F11t7m1gsgp!19sChIJM-_cPQgdLz4RsyH7LXOM360?authuser=0&hl=ar&rclk=1,Joury’s school,,,حضانة أطفال,,,الخزامى,,,غرب الرياض
https://www.google.com/maps/place/%D9%85%D8%AF%D8%A7%D8%B1%D8%B3+%D9%85%D8%B3%D9%83+-+%D8%A7%D9%84%D8%B5%D8%A7%D9%84%D8%A9+%D8%A7%D9%84%D8%B1%D9%8A%D8%A7%D8%B6%D9%8A%D8%A9+%D9%84%D9%85%D8%B1%D8%AD%D9%84%D8%A9+%D8%B1%D9%8A%D8%A7%D8%B6+%D8%A7%D9%84%D8%A3%D8%B7%D9%81%D8%A7%D9%84+%D9%88%D9%85%D8%B1%D8%A7%D8%AD%D9%84+%D8%A7%D9%84%D9%86%D8%A7%D8%B4%D8%A6%D9%8A%D9%86%E2%80%AD/data=!4m7!3m6!1s0x3e2f1fc46008b80f:0x95971c737bf1f83d!8m2!3d24.6966675!4d46.5833661!16s%2Fg%2F11v664clkc!19sChIJD7gIYMQfLz4RPfjxe3Mcl5U?authuser=0&hl=ar&rclk=1,مدارس مسك - الصالة الرياضية لمرحلة رياض الأطفال ومراحل الناشئين,,,مدرسة,011 821 0900,http://www.miskschools.edu.sa/,الخزامى,,,غرب الرياض
https://www.google.com/maps/place/%D8%A7%D9%84%D8%B1%D9%88%D8%B6%D8%A9+%D9%A6%D9%A3+%D8%B9%D8%B1%D9%82%D8%A9%E2%80%AD/data=!4m7!3m6!1s0x3e2f1d4aa584da49:0x5ef06d719263200d!8m2!3d24.690665!4d46.6020221!16s%2Fg%2F11h1r93y1k!19sChIJSdqEpUodLz4RDSBjknFt8F4?authuser=0&hl=ar&rclk=1,الروضة ٦٣ عرقة,3.9,(15),رياض أطفال,011 281 4235,,الخزامى,,,غرب الرياض
https://www.google.com/maps/place/%D8%AF%D8%A7%D8%B1+%D9%88%D8%A7%D9%84%D8%AF%D8%A9+%D8%B9%D8%A8%D8%AF+%D8%A7%D9%84%D8%B9%D8%B2%D9%8A%D8%B2+%D8%A7%D9%84%D9%83%D8%B1%D9%8A%D8%AF%D9%8A%D8%B3+%D8%A7%D9%84%D9%86%D8%B3%D8%A7%D8%A6%D9%8A%D8%A9%E2%80%AD/data=!4m7!3m6!1s0x3e2f1dcf417b34d1:0x3932a27ac0babf3b!8m2!3d24.6904097!4d46.6067843!16s%2Fg%2F11g01855f8!19sChIJ0TR7Qc8dLz4RO7-6wHqiMjk?authuser=0&hl=ar&rclk=1,دار والدة عبد العزيز الكريديس النسائية,4.3,(13),مدرسة,053 302 5398,,الخزامى,,,غرب الرياض
https://www.google.com/maps/place/%D9%85%D8%AF%D8%A7%D8%B1%D8%B3+%D9%85%D8%B3%D9%83%E2%80%AD/data=!4m7!3m6!1s0x3e2f1df4166d663d:0xea0b813436aec243!8m2!3d24.6980278!4d46.5845177!16s%2Fg%2F11c1rszf6m!19sChIJPWZtFvQdLz4RQ8KuNjSBC-o?authuser=0&hl=ar&rclk=1,مدارس مسك,3.6,(160),مدرسة,011 821 0900,https://www.miskschools.edu.sa/,الخزامى,,,غرب الرياض
https://www.google.com/maps/place/%D9%82%D8%B1%D8%A9+%D9%84%D8%AD%D8%B6%D8%A7%D9%86%D8%A9+%D8%A7%D9%84%D8%A3%D8%B7%D9%81%D8%A7%D9%84+-+%D8%A7%D9%84%D8%B3%D9%81%D8%A7%D8%B1%D8%A7%D8%AA%E2%80%AD/data=!4m7!3m6!1s0x3e2f1db5aa8837fd:0x625e0a3b56a72c94!8m2!3d24.6861167!4d46.6271854!16s%2Fg%2F11vl8sv7_2!19sChIJ_TeIqrUdLz4RlCynVjsKXmI?authuser=0&hl=ar&rclk=1,قرة لحضانة الأطفال - السفارات,3.5,(19),مركز لرعاية الأطفال,059 037 3245,https://www.googleadservices.com/pagead/aclk?sa=L&ai=DChcSEwjr7d7e-oaMAxUCmYMHHSjFNvAYABAAGgJlZg&co=1&gclid=Cj0KCQjwhMq-BhCFARIsAGvo0Kf6m0CXjO06CfxHvAB_hSsbHd-rXjbkh1t_3CsZ4KCj28IneMrJ25UaAkXoEALw_wcB&ohost=www.google.com&cid=CAESVuD2Hvwzxuj6g5FwaEAJdKzNrN5hd3d8eVxwcm4GTRJE5rHR0DbyVupVdYERGEdp1z4a3SZgGOpYF-4uRyL0H1UZTELfJL_R8lVsh_YOnUCF7TOZaw1Y&sig=AOD64_1XQg8xSanYGNCJeILB30i0PtQZGw&adurl&q&ctype=99,السفارات,,,غرب الرياض
https://www.google.com/maps/place/%D9%82%D8%B1%D8%A9+%D9%84%D8%AD%D8%B6%D8%A7%D9%86%D8%A9+%D8%A7%D9%84%D8%A3%D8%B7%D9%81%D8%A7%D9%84+-+%D8%A7%D9%84%D8%B3%D9%81%D8%A7%D8%B1%D8%A7%D8%AA%E2%80%AD/data=!4m7!3m6!1s0x3e2f1db5aa8837fd:0x625e0a3b56a72c94!8m2!3d24.6861167!4d46.6271854!16s%2Fg%2F11vl8sv7_2!19sChIJ_TeIqrUdLz4RlCynVjsKXmI?authuser=0&hl=ar&rclk=1,قرة لحضانة الأطفال - السفارات,3.5,(19),مركز لرعاية الأطفال,059 037 3245,http://www.qurrahdaycare.com.sa/,السفارات,,,غرب الرياض
https://www.google.com/maps/place/%D8%A7%D9%84%D8%B1%D9%88%D8%B6%D8%A9+%D8%A7%D9%84%D8%B1%D8%A7%D8%A8%D8%B9%D8%A9+%D8%B9%D8%B4%D8%B1%E2%80%AD/data=!4m7!3m6!1s0x3e2f1c4a495d0505:0x2373fcfda979b478!8m2!3d24.6812697!4d46.6147274!16s%2Fg%2F11b6_h31t4!19sChIJBQVdSUocLz4ReLR5qf38cyM?authuser=0&hl=ar&rclk=1,الروضة الرابعة عشر,4.1,(13),حضانة أطفال,011 482 4293,,السفارات,,,غرب الرياض
https://www.google.com/maps/place/%D8%B1%D9%88%D8%B6%D8%A9+%D8%AC%D8%A7%D9%85%D8%B9%D8%A9+%D8%A7%D9%84%D9%85%D9%84%D9%83+%D8%B3%D8%B9%D9%88%D8%AF+%D9%81%D8%B1%D8%B9+%D8%B9%D9%84%D9%8A%D8%B4%D8%A9%E2%80%AD/data=!4m7!3m6!1s0x3e2f05fd8d47191f:0xe14543e70c855532!8m2!3d24.6324795!4d46.6790065!16s%2Fg%2F11qgz1xxh7!19sChIJHxlHjf0FLz4RMlWFDOdDReE?authuser=0&hl=ar&rclk=1,روضة جامعة الملك سعود فرع عليشة,4.5,(8),رياض أطفال,,,عليشة,,,غرب الرياض
https://www.google.com/maps/place/%D8%AF%D8%A7%D8%B1+%D8%A7%D9%84%D8%AD%D8%B6%D8%A7%D9%86%D8%A9+%D8%A7%D9%84%D8%A7%D8%AC%D8%AA%D9%85%D8%A7%D8%B9%D9%8A%D8%A9+%D8%A8%D8%A7%D9%84%D8%B1%D9%8A%D8%A7%D8%B6+%D8%B9%D9%84%D9%8A%D8%B4%D8%A9%E2%80%AD/data=!4m7!3m6!1s0x3e2f04e09b14f2ab:0x8bb030fe125cb028!8m2!3d24.6381129!4d46.690379!16s%2Fg%2F11f40q637h!19sChIJq_IUm-AELz4RKLBcEv4wsIs?authuser=0&hl=ar&rclk=1,دار الحضانة الاجتماعية بالرياض عليشة,3.8,(51),دار أيتام,011 442 1532,,عليشة,,,غرب الرياض
https://www.google.com/maps/place/%D9%85%D8%B1%D9%83%D8%B2+%D8%B3%D8%A7%D8%B1%D8%A9+%D9%84%D8%B6%D9%8A%D8%A7%D9%81%D8%A9+%D8%A7%D9%84%D8%A7%D8%B7%D9%81%D8%A7%D9%84%E2%80%AD/data=!4m7!3m6!1s0x3e2f054837bf23a1:0x5f614a5445cc01a8!8m2!3d24.6271807!4d46.683806!16s%2Fg%2F11y1ljskmw!19sChIJoSO_N0gFLz4RqAHMRVRKYV8?authuser=0&hl=ar&rclk=1,مركز سارة لضيافة الاطفال,4.4,(39),حضانة أطفال,055 031 0107,,عليشة,,,غرب الرياض
https://www.google.com/maps/place/%D9%85%D8%B1%D9%83%D8%B2+%D9%87%D9%8A%D9%81%D8%A7%D8%A1+%D8%B6%D9%8A%D8%A7%D9%81%D8%A9+%D8%A7%D9%84%D8%A3%D8%B7%D9%81%D8%A7%D9%84%E2%80%AD/data=!4m7!3m6!1s0x3e2f1dd6495dced9:0xc4d19d86faf5f6dd!8m2!3d24.6896621!4d46.6443345!16s%2Fg%2F11qh2v0lkn!19sChIJ2c5dSdYdLz4R3fb1-oad0cQ?authuser=0&hl=ar&rclk=1,مركز هيفاء ضيافة الأطفال,4.5,(47),حضانة أطفال,055 704 4717,,ام الحمام,,,غرب الرياض
https://www.google.com/maps/place/%D9%8A%D9%88%D9%85+%D8%A7%D9%84%D8%B7%D9%81%D9%84+%D9%84%D8%B6%D9%8A%D8%A7%D9%81%D8%A9+%D8%A7%D9%84%D8%A3%D8%B7%D9%81%D8%A7%D9%84%E2%80%AD/data=!4m7!3m6!1s0x3e2f1dca46b9edd5:0x137af2dff832f7c3!8m2!3d24.6967956!4d46.6553987!16s%2Fg%2F11rq52g24w!19sChIJ1e25RsodLz4Rw_cy-N_yehM?authuser=0&hl=ar&rclk=1,يوم الطفل لضيافة الأطفال,4.9,(51),حضانة أطفال,054 676 2075,https://instagram.com/kidsday2022?igshid=YmMyMTA2M2Y=,ام الحمام,,,غرب الرياض
https://www.google.com/maps/place/%D9%88%D8%A7%D8%AD%D8%A9+%D8%A7%D9%84%D8%A7%D8%A8%D9%86%D8%A7%D8%A1+%D8%A7%D9%84%D8%B9%D8%A7%D9%84%D9%85%D9%8A%D8%A9%E2%80%AD/data=!4m7!3m6!1s0x3e2f1ceb073562b5:0xafda0eb6ee9dbc81!8m2!3d24.6802481!4d46.6488163!16s%2Fg%2F11cs17l91n!19sChIJtWI1B-scLz4Rgbyd7rYO2q8?authuser=0&hl=ar&rclk=1,واحة الابناء العالمية,3.6,(59),مدرسة,011 481 9917,,ام الحمام,,,غرب الرياض
https://www.google.com/maps/place/%D9%85%D8%AF%D8%A7%D8%B1%D8%B3+%D8%A7%D9%84%D8%A7%D8%A8%D8%AA%D9%87%D8%A7%D8%AC+%D8%A7%D9%84%D8%A3%D9%87%D9%84%D9%8A%D8%A9%E2%80%AD/data=!4m7!3m6!1s0x3e2f1cfb1b6321e5:0x30ff8c7525c8c005!8m2!3d24.6869558!4d46.6399861!16s%2Fg%2F11f0l5h1kw!19sChIJ5SFjG_scLz4RBcDIJXWM_zA?authuser=0&hl=ar&rclk=1,مدارس الابتهاج الأهلية,3.9,(56),مدرسة ابتدائية,054 959 9949,https://linktr.ee/ibthagschol2030,ام الحمام,,,غرب الرياض
https://www.google.com/maps/place/%D9%85%D8%AF%D8%B1%D8%B3%D8%A9+%D8%B1%D9%88%D8%B6%D8%A9+43+%D8%AD%D9%83%D9%88%D9%85%D9%8A%D8%A9%E2%80%AD/data=!4m7!3m6!1s0x3e2f1d1d77093b69:0xcc7c18cbb45f0df1!8m2!3d24.6962046!4d46.6438994!16s%2Fg%2F11g6xnyfs1!19sChIJaTsJdx0dLz4R8Q1ftMsYfMw?authuser=0&hl=ar&rclk=1,مدرسة روضة 43 حكومية,3.0,(23),مدرسة,054 113 0398,,ام الحمام,,,غرب الرياض
https://www.google.com/maps/place/%D8%AD%D8%AF%D9%8A%D9%82%D8%A9+%D8%A7%D9%85+%D8%A7%D9%84%D8%AD%D9%85%D8%A7%D9%85+%D8%A7%D9%84%D8%BA%D8%B1%D8%A8%D9%8A%E2%80%AD/data=!4m7!3m6!1s0x3e2f1d1ede8e13fd:0xd86037fd48841e48!8m2!3d24.7004556!4d46.6483678!16s%2Fg%2F1td79mn7!19sChIJ_ROO3h4dLz4RSB6ESP03YNg?authuser=0&hl=ar&rclk=1,حديقة ام الحمام الغربي,3.8,"(1,155)",متنزه,,,ام الحمام,,,غرب الرياض
https://www.google.com/maps/place/%D9%85%D8%AF%D8%B1%D8%B3%D8%A9+%D9%86%D9%88%D8%B1%D9%87+%D8%A7%D9%84%D8%B5%D8%A8%D9%8A%D8%AD+%D9%88%D8%AD%D9%81%D9%8A%D8%AF%D8%A7%D8%AA%D9%87%D8%A7+%D8%A7%D9%84%D9%86%D8%B3%D8%A7%D8%A6%D9%8A%D8%A9+%D9%84%D8%AA%D8%AD%D9%81%D9%8A%D8%B8+%D8%A7%D9%84%D9%82%D8%B1%D8%A2%D9%86+%D8%A7%D9%84%D9%83%D8%B1%D9%8A%D9%85%E2%80%AD/data=!4m7!3m6!1s0x3e2f1d1db965740d:0x2ca51b5b9c674293!8m2!3d24.6970636!4d46.6449233!16s%2Fg%2F11fz_rjncw!19sChIJDXRluR0dLz4Rk0JnnFsbpSw?authuser=0&hl=ar&rclk=1,مدرسة نوره الصبيح وحفيداتها النسائية لتحفيظ القرآن الكريم,3.1,(13),مدرسة,056 303 3919,,ام الحمام,,,غرب الرياض
https://www.google.com/maps/place/%D9%85%D8%AF%D8%A7%D8%B1%D8%B3+%D8%AC%D9%8A%D9%84+%D8%A7%D9%84%D9%82%D8%A7%D8%AF%D8%A9+%D8%A7%D9%84%D8%A7%D9%87%D9%84%D9%8A%D8%A9%E2%80%AD/data=!4m7!3m6!1s0x3e2f1a8450bac917:0x9463ad129e753565!8m2!3d24.5855159!4d46.6390526!16s%2Fg%2F11f403l4gy!19sChIJF8m6UIQaLz4RZTV1nhKtY5Q?authuser=0&hl=ar&rclk=1,مدارس جيل القادة الاهلية,4.5,(145),مدرسة,055 744 2474,الشيخ عبدالعزيز الشيخ عبد العزيز بن محمد بن علي، 2731-2877 الشيخ عبدالعزيز بن محمد بن علي، الزهرة، 2877,الزهراء,,https://ssl.gstatic.com/local/servicebusiness/default_user.png,غرب الرياض
https://www.google.com/maps/place/%D8%AD%D9%8A+%D8%A7%D9%84%D8%B2%D9%87%D8%B1%D9%87+%D8%8C+%D8%A7%D9%84%D8%B1%D9%8A%D8%A7%D8%B6%E2%80%AD/data=!4m7!3m6!1s0x3e2f11006a33af3d:0x52c9874fa240eeb0!8m2!3d24.5791834!4d46.6482273!16s%2Fg%2F11w1xvdh_p!19sChIJPa8zagARLz4RsO5Aok-HyVI?authuser=0&hl=ar&rclk=1,حي الزهره ، الرياض,4.4,(7),هامبرغر,,,الزهراء,,,غرب الرياض
https://www.google.com/maps/place/%D8%AD%D8%B6%D8%A7%D9%86%D9%87+%D8%AD%D9%85%D8%B2%D9%87+%D8%A7%D9%84%D9%85%D9%82%D8%B1+%D8%A7%D9%84%D8%AC%D8%AF%D9%8A%D8%AF%E2%80%AD/data=!4m7!3m6!1s0x3e2f05b2a2e355dd:0xe447b88041090b95!8m2!3d24.6165702!4d46.7042748!16s%2Fg%2F11khjvqxh3!19sChIJ3VXjorIFLz4RlQsJQYC4R-Q?authuser=0&hl=ar&rclk=1,حضانه حمزه المقر الجديد,5.0,(1),حضانة أطفال,,"5422 مغيرا، RBGD8020, 8020",الجرادية,,,غرب الرياض
https://www.google.com/maps/place/%D8%AD%D8%B6%D8%A7%D9%86%D9%87+%D8%AD%D9%85%D8%B2%D9%87%E2%80%AD/data=!4m7!3m6!1s0x3e2f05408dad8cdb:0xcaa24dddcd665eb5!8m2!3d24.6170973!4d46.704232!16s%2Fg%2F11kc68q30y!19sChIJ24ytjUAFLz4RtV5mzd1Noso?authuser=0&hl=ar&rclk=1,حضانه حمزه,5.0,(1),حضانة أطفال,,,الجرادية,,,غرب الرياض
https://www.google.com/maps/place/%D9%85%D8%B1%D9%83%D8%B2+%D8%AD%D8%B1%D9%88%D9%81+%D8%A7%D9%84%D8%B7%D9%81%D9%88%D9%84%D8%A9%E2%80%AD/data=!4m7!3m6!1s0x3e2f115f137c2e6b:0x12e0e32a3303f596!8m2!3d24.5788112!4d46.6587283!16s%2Fg%2F11kqw5n0js!19sChIJay58E18RLz4RlvUDMyrj4BI?authuser=0&hl=ar&rclk=1,مركز حروف الطفولة,4.8,(113),رياض أطفال,050 960 0989,7979 الشيخ عبدالرحمن بن عبدالله بن محمد، RIZB4884، 4884,شبرا,,,غرب الرياض
https://www.google.com/maps/place/%D9%84%D9%8A%D9%86%D8%AF%D8%A7+%D9%83%D9%8A%D8%AF%D8%B2%E2%80%AD/data=!4m4!3m3!1s0x3e2f11400a1ee67d:0xda8a661a4dd8b7a9!16s%2Fg%2F11rmq0_jnb!19sChIJfeYeCkARLz4RqbfYTRpmito?authuser=0&hl=ar&rclk=1,ليندا كيدز,4.5,(62),رياض أطفال,,,شبرا,,,غرب الرياض
https://www.google.com/maps/place/%D8%A8%D8%B1%D8%A7%D8%B9%D9%85+%D8%A7%D9%84%D9%86%D8%AF%D9%88%D8%A9+%D8%A7%D9%84%D8%A3%D9%87%D9%84%D9%8A%D8%A9%E2%80%AD/data=!4m7!3m6!1s0x3e2f100116734bf7:0x79c5abf973577bc3!8m2!3d24.5855753!4d46.6670187!16s%2Fg%2F11c1sk67cg!19sChIJ90tzFgEQLz4Rw3tXc_mrxXk?authuser=0&hl=ar&rclk=1,براعم الندوة الأهلية,3.9,(65),المركز التعليمي,053 445 6988,مفتوح,شبرا,,,غرب الرياض
https://www.google.com/maps/place/%D8%B9%D8%A7%D9%84%D9%85+%D9%85%D9%86%D8%AA%D8%B3%D9%88%D8%B1%D9%8A+%D8%B1%D9%88%D8%B6%D8%A9+%D8%AA%D9%85%D9%87%D9%8A%D8%AF%D9%8A+%D8%AD%D8%B6%D8%A7%D9%86%D8%A9%E2%80%AD/data=!4m7!3m6!1s0x3e2f1aa59d0ee34d:0x991e0f58e7331780!8m2!3d24.5936586!4d46.6601539!16s%2Fg%2F11c5751bzt!19sChIJTeMOnaUaLz4RgBcz51gPHpk?authuser=0&hl=ar&rclk=1,عالم منتسوري روضة تمهيدي حضانة,3.7,(70),مدرسة,056 060 6387,·,شبرا,,,غرب الرياض
https://www.google.com/maps/place/%E2%80%8F%D9%85%D8%B4%D8%A7%D8%B1%D9%8A%D8%B9%D9%8A%E2%80%AD/data=!4m7!3m6!1s0x3e2f0fd6ac4779bf:0x4f1b9e25e67b382e!8m2!3d24.5709279!4d46.6845448!16s%2Fg%2F11vl8d6389!19sChIJv3lHrNYPLz4RLjh75iWeG08?authuser=0&hl=ar&rclk=1,‏مشاريعي,5.0,(1),حضانة أطفال,055 443 8817,·,شبرا,,,غرب الرياض
https://www.google.com/maps/place/%D9%85%D8%B1%D9%83%D8%B2+%D8%B7%D9%81%D9%84%D9%8A+%D9%84%D9%84%D8%B1%D8%B9%D8%A7%D9%8A%D8%A9+%D8%A7%D9%84%D9%86%D9%87%D8%A7%D8%B1%D9%8A%D8%A9%E2%80%AD/data=!4m7!3m6!1s0x3e2f1a9a1c4703b9:0x3424e00470593294!8m2!3d24.5905054!4d46.6461774!16s%2Fg%2F11c1nqtgzp!19sChIJuQNHHJoaLz4RlDJZcATgJDQ?authuser=0&hl=ar&rclk=1,مركز طفلي للرعاية النهارية,3.9,(59),حضانة,055 625 8999,·,شبرا,,,غرب الرياض
https://www.google.com/maps/place/%D9%85%D8%B1%D9%83%D8%B2+%D8%A8%D8%B1%D8%A7%D8%B9%D9%85+%D8%A7%D9%84%D8%A8%D8%AF%D9%8A%D8%B9%D8%A9+%D9%84%D8%B6%D9%8A%D8%A7%D9%81%D8%A9+%D8%A7%D9%84%D8%A7%D8%B7%D9%81%D8%A7%D9%84+%D8%AC%D8%AF%D9%8A%D8%AF%E2%80%AD/data=!4m7!3m6!1s0x3e2f1bfdbc361ce1:0xd8f3e3442a538677!8m2!3d24.5985285!4d46.6516845!16s%2Fg%2F11p0102df5!19sChIJ4Rw2vP0bLz4Rd4ZTKkTj89g?authuser=0&hl=ar&rclk=1,مركز براعم البديعة لضيافة الاطفال جديد,4.1,(71),حضانة أطفال,050 069 9735,·,شبرا,,,غرب الرياض
https://www.google.com/maps/place/%D9%85%D8%AF%D8%A7%D8%B1%D8%B3+%D8%B1%D9%88%D8%B6%D8%A9+%D8%A7%D9%84%D9%82%D8%A7%D8%AF%D8%A9+%D8%A7%D9%84%D8%A7%D9%87%D9%84%D9%8A%D8%A9%E2%80%AD/data=!4m7!3m6!1s0x3e2f1ab1e83b403d:0x2ab3c7ae5fa1bed1!8m2!3d24.5984286!4d46.6644611!16s%2Fg%2F11cmyjhxks!19sChIJPUA76LEaLz4R0b6hX67Hsyo?authuser=0&hl=ar&rclk=1,مدارس روضة القادة الاهلية,3.9,(101),مدرسة خاصة,011 426 8182,·,شبرا,,,غرب الرياض
https://www.google.com/maps/place/%D9%85%D8%AF%D8%A7%D8%B1%D8%B3+%D8%B1%D8%A7%D8%A6%D8%AF%D8%A9+%D8%A7%D9%84%D8%AA%D8%B9%D9%84%D9%8A%D9%85+%D8%A7%D9%84%D8%A7%D9%87%D9%84%D9%8A%D8%A9%E2%80%AD/data=!4m7!3m6!1s0x3e2f1ab284b49763:0xb25e80b3c773f5a5!8m2!3d24.6001341!4d46.6695927!16s%2Fg%2F11cs4k2b57!19sChIJY5e0hLIaLz4RpfVzx7OAXrI?authuser=0&hl=ar&rclk=1,مدارس رائدة التعليم الاهلية,3.2,(57),مدرسة,056 068 6522,·,شبرا,,,غرب الرياض
https://www.google.com/maps/place/%D9%85%D8%B1%D9%83%D8%B2+%D8%A7%D8%B3%D9%85%D8%A7%D8%A1+%D8%B9%D8%A8%D8%AF+%D8%A7%D9%84%D9%84%D9%87+%D8%B9%D9%84%D9%8A+%D8%A7%D9%84%D9%82%D9%86%D8%A7%D8%B5+%D9%84%D8%B6%D9%8A%D8%A7%D9%81%D8%A9+%D8%A7%D9%84%D8%A3%D8%B7%D9%81%D8%A7%D9%84+%D8%A7%D9%84%D8%A3%D9%87%D9%84%D9%8A%D8%A9%E2%80%AD/data=!4m7!3m6!1s0x3e2f0565e1325901:0x2ea62b326ad7f569!8m2!3d24.5976165!4d46.6807422!16s%2Fg%2F11p0_gl55n!19sChIJAVky4WUFLz4RafXXajIrpi4?authuser=0&hl=ar&rclk=1,مركز اسماء عبد الله علي القناص لضيافة الأطفال الأهلية,4.6,(15),حضانة أطفال,054 309 6494,7823 الرمادة، سلطانة، الرياض 12785 5735,سلطانة,,,غرب الرياض
https://www.google.com/maps/place/%D8%B1%D9%88%D8%B6%D8%A9+34%E2%80%AD/data=!4m7!3m6!1s0x3e2f0550aa400001:0xdc55d35a02f4e6ee!8m2!3d24.5986938!4d46.6801164!16s%2Fg%2F11tp7v2gm9!19sChIJAQBAqlAFLz4R7ub0AlrTVdw?authuser=0&hl=ar&rclk=1,روضة 34,3.9,(10),حضانة أطفال,,,سلطانة,,,غرب الرياض
https://www.google.com/maps/place/%D9%85%D8%AF%D8%B1%D8%B3%D8%A9+%D8%A7%D9%84%D8%A5%D9%85%D8%A7%D9%85+%D9%85%D8%AD%D9%85%D8%AF+%D8%A8%D9%86+%D8%B3%D8%B9%D9%88%D8%AF+%D8%A7%D9%84%D9%86%D8%B3%D8%A7%D8%A6%D9%8A%D8%A9+%D9%84%D8%AA%D8%AD%D9%81%D9%8A%D8%B8+%D8%A7%D9%84%D9%82%D8%B1%D8%A2%D9%86%E2%80%AD/data=!4m7!3m6!1s0x3e2f055965c0a5fd:0x11b6b8e5f0a4285a!8m2!3d24.5990801!4d46.6836168!16s%2Fg%2F11c5bjgh1z!19sChIJ_aXAZVkFLz4RWiik8OW4thE?authuser=0&hl=ar&rclk=1,مدرسة الإمام محمد بن سعود النسائية لتحفيظ القرآن,4.3,(33),مدرسة,054 676 0092,3381 آل عبدالقادر,سلطانة,,,غرب الرياض
https://www.google.com/maps/place/%D8%A7%D9%84%D8%B1%D9%88%D8%B6%D8%A9+83+%D8%A8%D8%AD%D9%8A+%D8%A7%D9%84%D8%AF%D8%B1%D9%8A%D9%87%D9%85%D9%8A%D8%A9%E2%80%AD/data=!4m7!3m6!1s0x3e2f0fb470b6549b:0x9886c686d761a9f3!8m2!3d24.5908796!4d46.6950287!16s%2Fg%2F11rj6bzts9!19sChIJm1S2cLQPLz4R86lh14bGhpg?authuser=0&hl=ar&rclk=1,الروضة 83 بحي الدريهمية,4.1,(15),رياض أطفال,011 810 3127,2506 شارع جبل الريث، السويدي، الرياض 12796 6594،,الدريهمية,,,غرب الرياض
https://www.google.com/maps/place/%D8%A8%D8%B1%D8%A7%D8%B9%D9%85+%D8%A7%D9%84%D9%86%D8%AF%D9%88%D8%A9+%D8%A7%D9%84%D8%A3%D9%87%D9%84%D9%8A%D8%A9%E2%80%AD/data=!4m7!3m6!1s0x3e2f100116734bf7:0x79c5abf973577bc3!8m2!3d24.5855753!4d46.6670187!16s%2Fg%2F11c1sk67cg!19sChIJ90tzFgEQLz4Rw3tXc_mrxXk?authuser=0&hl=ar&rclk=1,براعم الندوة الأهلية,3.9,(65),المركز التعليمي,053 445 6988,مفتوح,الدريهمية,,,غرب الرياض
https://www.google.com/maps/place/%D9%85%D8%B1%D9%83%D8%B2+%D8%A8%D8%B1%D8%A7%D8%B9%D9%85+%D8%A7%D9%84%D8%A8%D8%AF%D9%8A%D8%B9%D8%A9+%D9%84%D8%B6%D9%8A%D8%A7%D9%81%D8%A9+%D8%A7%D9%84%D8%A7%D8%B7%D9%81%D8%A7%D9%84+%D8%AC%D8%AF%D9%8A%D8%AF%E2%80%AD/data=!4m7!3m6!1s0x3e2f1bfdbc361ce1:0xd8f3e3442a538677!8m2!3d24.5985285!4d46.6516845!16s%2Fg%2F11p0102df5!19sChIJ4Rw2vP0bLz4Rd4ZTKkTj89g?authuser=0&hl=ar&rclk=1,مركز براعم البديعة لضيافة الاطفال جديد,4.1,(71),حضانة أطفال,050 069 9735,·,الدريهمية,,,غرب الرياض
https://www.google.com/maps/place/%D8%B9%D8%A7%D9%84%D9%85+%D9%85%D9%86%D8%AA%D8%B3%D9%88%D8%B1%D9%8A+%D8%B1%D9%88%D8%B6%D8%A9+%D8%AA%D9%85%D9%87%D9%8A%D8%AF%D9%8A+%D8%AD%D8%B6%D8%A7%D9%86%D8%A9%E2%80%AD/data=!4m7!3m6!1s0x3e2f1aa59d0ee34d:0x991e0f58e7331780!8m2!3d24.5936586!4d46.6601539!16s%2Fg%2F11c5751bzt!19sChIJTeMOnaUaLz4RgBcz51gPHpk?authuser=0&hl=ar&rclk=1,عالم منتسوري روضة تمهيدي حضانة,3.7,(70),مدرسة,056 060 6387,·,الدريهمية,,,غرب الرياض
https://www.google.com/maps/place/%D9%85%D8%AF%D8%A7%D8%B1%D8%B3+%D8%B1%D9%88%D8%B6%D8%A9+%D8%A7%D9%84%D9%82%D8%A7%D8%AF%D8%A9+%D8%A7%D9%84%D8%A7%D9%87%D9%84%D9%8A%D8%A9%E2%80%AD/data=!4m7!3m6!1s0x3e2f1ab1e83b403d:0x2ab3c7ae5fa1bed1!8m2!3d24.5984286!4d46.6644611!16s%2Fg%2F11cmyjhxks!19sChIJPUA76LEaLz4R0b6hX67Hsyo?authuser=0&hl=ar&rclk=1,مدارس روضة القادة الاهلية,3.9,(101),مدرسة خاصة,011 426 8182,"4094 سعد بن عتيق, 7894",الدريهمية,,,غرب الرياض
https://www.google.com/maps/place/%D9%85%D8%AF%D8%A7%D8%B1%D8%B3+%D8%B1%D8%A7%D8%A6%D8%AF%D8%A9+%D8%A7%D9%84%D8%AA%D8%B9%D9%84%D9%8A%D9%85+%D8%A7%D9%84%D8%A7%D9%87%D9%84%D9%8A%D8%A9%E2%80%AD/data=!4m7!3m6!1s0x3e2f1ab284b49763:0xb25e80b3c773f5a5!8m2!3d24.6001341!4d46.6695927!16s%2Fg%2F11cs4k2b57!19sChIJY5e0hLIaLz4RpfVzx7OAXrI?authuser=0&hl=ar&rclk=1,مدارس رائدة التعليم الاهلية,3.2,(57),مدرسة,056 068 6522,·,الدريهمية,,,غرب الرياض
https://www.google.com/maps/place/%D8%B1%D9%88%D8%B6%D8%A9+41%E2%80%AD/data=!4m7!3m6!1s0x3e2f1b9241848df5:0x61f98039f524d65e!8m2!3d24.5903241!4d46.6565675!16s%2Fg%2F11h1vcr9ff!19sChIJ9Y2EQZIbLz4RXtYk9TmA-WE?authuser=0&hl=ar&rclk=1,روضة 41,3.6,(19),مدرسة,050 636 6023,·,الدريهمية,,,غرب الرياض
https://www.google.com/maps/place/%D8%B1%D9%88%D8%B6%D8%A9+34%E2%80%AD/data=!4m7!3m6!1s0x3e2f0550aa400001:0xdc55d35a02f4e6ee!8m2!3d24.5986938!4d46.6801164!16s%2Fg%2F11tp7v2gm9!19sChIJAQBAqlAFLz4R7ub0AlrTVdw?authuser=0&hl=ar&rclk=1,روضة 34,3.9,(10),حضانة أطفال,,,الدريهمية,,,غرب الرياض
